channel,timestamp,text,media_path,sender_id,cleaned_text,tokens
@ZemenExpress,2025-06-23 08:23:14+00:00,"­ЪњЦ­ЪњЦ...................................­ЪњЦ­ЪњЦ

­ЪЊїFood mould Tool

­ЪЉЇрѕхрІхрѕхрЅх ріарІГріљрЅх рЅЁрѕГрїй

рІІрїІрЇд┬а ­Ъњх­ЪЈи 700 рЅЦрѕГ

РЎд№ИЈрІЇрѕхріЋ рЇЇрѕг ріљрІЇ рІФрѕѕрІЇ­ЪћЦ­ЪћЦ­ЪћЦ

­ЪЈб ріарІхрѕФрѕ╗­ЪЉЅ

­ЪЊЇРЎд№ИЈ#рѕўрїѕріЊріЏ_рѕўрѕ░рѕерЅх_рІ░рЇІрѕГ_рѕърѕЇ_рѕЂрѕѕрЅ░ріЏ_рЇјрЅЁ рЅбрѕ« рЅЂ. S05/S06


┬а┬а┬а┬а ­ЪњД­ЪњД­ЪњД­ЪњД


┬а┬а┬а ­ЪЊ▓ 0902660722
┬а┬а┬а ­ЪЊ▓ 0928460606 

­Ъћќ
­ЪњгрЅаTelegram рѕѕрѕЏрІўрІЮ Рцх№ИЈ рІГрїарЅђрѕЎ­Ъћй

@zemencallcenter 

@zemenexpressadmin

рѕѕрЅ░рїерѕЏрѕф рѕЏрЅЦрѕФрѕфрІФ рІерЅ┤рѕїрїЇрѕФрѕЮ рїѕрЇЃрЅйріЋРцх№ИЈ
https://telegram.me/zemenexpress

­ЪњЦ­ЪњЦ...................................­ЪњЦ­ЪњЦ",images/ZemenExpress_6995.jpg,-1001307493052,................................... food mould tool рѕхрІхрѕхрЅх ріарІГріљрЅх рЅЁрѕГрїй рІІрїІрЇд 700 рЅЦрѕГ рІЇрѕхріЋ рЇЇрѕг ріљрІЇ рІФрѕѕрІЇ ріарІхрѕФрѕ╗ #рѕўрїѕріЊріЏ_рѕўрѕ░рѕерЅх_рІ░рЇІрѕГ_рѕърѕЇ_рѕЂрѕѕрЅ░ріЏ_рЇјрЅЁ рЅбрѕ« рЅЂ. s05/s06 0902660722 0928460606 рЅаtelegram рѕѕрѕЏрІўрІЮ рІГрїарЅђрѕЎ @zemencallcenter @zemenexpressadmin рѕѕрЅ░рїерѕЏрѕф рѕЏрЅЦрѕФрѕфрІФ рІерЅ┤рѕїрїЇрѕФрѕЮ рїѕрЇЃрЅйріЋ https://telegram.me/zemenexpress ...................................,"['...................................', 'food', 'mould', 'tool', 'рѕхрІхрѕхрЅх', 'ріарІГріљрЅх', 'рЅЁрѕГрїй', 'рІІрїІрЇд', '700', 'рЅЦрѕГ', 'рІЇрѕхріЋ', 'рЇЇрѕг', 'ріљрІЇ', 'рІФрѕѕрІЇ', 'ріарІхрѕФрѕ╗', '#', 'рѕўрїѕріЊріЏ_рѕўрѕ░рѕерЅх_рІ░рЇІрѕГ_рѕърѕЇ_рѕЂрѕѕрЅ░ріЏ_рЇјрЅЁ', 'рЅбрѕ«', 'рЅЂ.', 's05/s06', '0902660722', '0928460606', 'рЅаtelegram', 'рѕѕрѕЏрІўрІЮ', 'рІГрїарЅђрѕЎ', '@', 'zemencallcenter', '@', 'zemenexpressadmin', 'рѕѕрЅ░рїерѕЏрѕф', 'рѕЏрЅЦрѕФрѕфрІФ', 'рІерЅ┤рѕїрїЇрѕФрѕЮ', 'рїѕрЇЃрЅйріЋ', 'https', ':', '//telegram.me/zemenexpress', '...................................']"
@ZemenExpress,2025-06-21 16:35:51+00:00,"­ЪњЦ­ЪњЦ...................................­ЪњЦ­ЪњЦ

­ЪЊїSaachi Electric Kettle

­ЪЉЇBorosilicate Glass Body
­ЪЉЇOverheat protection
­ЪЉЇAutomatic switch off
­ЪЉЇ2200w

рІІрїІрЇд┬а ­Ъњ▓­ЪЈи 2700┬а рЅЦрѕГ РюЁ

РЎд№ИЈрІЇрѕхріЋ рЇЇрѕг ріљрІЇ рІФрѕѕрІЇ­ЪћЦ­ЪћЦ­ЪћЦ

­ЪЈб ріарІхрѕФрѕ╗­ЪЉЅ

­ЪЊЇРЎд№ИЈ#рѕўрїѕріЊріЏ_рѕўрѕ░рѕерЅх_рІ░рЇІрѕГ_рѕърѕЇ_рѕЂрѕѕрЅ░ріЏ_рЇјрЅЁ рЅбрѕ« рЅЂ. S05/S06


┬а┬а┬а┬а ­ЪњД­ЪњД­ЪњД­ЪњД


┬а┬а┬а ­ЪЊ▓ 0902660722
┬а┬а┬а ­ЪЊ▓ 0928460606 

­Ъћќ
­ЪњгрЅаTelegram рѕѕрѕЏрІўрІЮ Рцх№ИЈ рІГрїарЅђрѕЎ­Ъћй

@zemencallcenter 

@zemenexpressadmin

рѕѕрЅ░рїерѕЏрѕф рѕЏрЅЦрѕФрѕфрІФ рІерЅ┤рѕїрїЇрѕФрѕЮ рїѕрЇЃрЅйріЋРцх№ИЈ
https://telegram.me/zemenexpress

­ЪњЦ­ЪњЦ...................................­ЪњЦ­ЪњЦ",images/ZemenExpress_6991.jpg,-1001307493052,................................... saachi electric kettle borosilicate glass body overheat protection automatic switch off 2200w рІІрїІрЇд 2700 рЅЦрѕГ рІЇрѕхріЋ рЇЇрѕг ріљрІЇ рІФрѕѕрІЇ ріарІхрѕФрѕ╗ #рѕўрїѕріЊріЏ_рѕўрѕ░рѕерЅх_рІ░рЇІрѕГ_рѕърѕЇ_рѕЂрѕѕрЅ░ріЏ_рЇјрЅЁ рЅбрѕ« рЅЂ. s05/s06 0902660722 0928460606 рЅаtelegram рѕѕрѕЏрІўрІЮ рІГрїарЅђрѕЎ @zemencallcenter @zemenexpressadmin рѕѕрЅ░рїерѕЏрѕф рѕЏрЅЦрѕФрѕфрІФ рІерЅ┤рѕїрїЇрѕФрѕЮ рїѕрЇЃрЅйріЋ https://telegram.me/zemenexpress ...................................,"['...................................', 'saachi', 'electric', 'kettle', 'borosilicate', 'glass', 'body', 'overheat', 'protection', 'automatic', 'switch', 'off', '2200w', 'рІІрїІрЇд', '2700', 'рЅЦрѕГ', 'рІЇрѕхріЋ', 'рЇЇрѕг', 'ріљрІЇ', 'рІФрѕѕрІЇ', 'ріарІхрѕФрѕ╗', '#', 'рѕўрїѕріЊріЏ_рѕўрѕ░рѕерЅх_рІ░рЇІрѕГ_рѕърѕЇ_рѕЂрѕѕрЅ░ріЏ_рЇјрЅЁ', 'рЅбрѕ«', 'рЅЂ.', 's05/s06', '0902660722', '0928460606', 'рЅаtelegram', 'рѕѕрѕЏрІўрІЮ', 'рІГрїарЅђрѕЎ', '@', 'zemencallcenter', '@', 'zemenexpressadmin', 'рѕѕрЅ░рїерѕЏрѕф', 'рѕЏрЅЦрѕФрѕфрІФ', 'рІерЅ┤рѕїрїЇрѕФрѕЮ', 'рїѕрЇЃрЅйріЋ', 'https', ':', '//telegram.me/zemenexpress', '...................................']"
@ethio_brand_collection,2025-06-22 06:27:39+00:00,"Рђ╝№ИЈ ріЦрѕЂрІх рѕЂрѕїрѕЮ ріГрЇЇрЅх ріљріЋ Рђ╝№ИЈ

Reebok Club Vintage   
size 40,41,42,43
Price 3300 birr
­ЪЊїріарІхрѕФрѕ╗-рѕюріГрѕ▓рі« рі«рѕюрѕГрѕх рїђрѕГрЅБ рѕўрІџрІх рЇЋрѕІрІЏ рІерѕўрїђрѕўрѕфрІФ рІ░рѕерїЃ ріЦріЋрІ░рІѕрїА 101 рІерЅбрѕ« рЅЂрїЦрѕГ рІФрїѕріЎріЊрѕЇ or call 0920238243
                                    EthioBrand РюЁ",images/ethio_brand_collection_6117.jpg,-1001149977975,"ріЦрѕЂрІх рѕЂрѕїрѕЮ ріГрЇЇрЅх ріљріЋ reebok club vintage size 40,41,42,43 price 3300 birr ріарІхрѕФрѕ╗-рѕюріГрѕ▓рі« рі«рѕюрѕГрѕх рїђрѕГрЅБ рѕўрІџрІх рЇЋрѕІрІЏ рІерѕўрїђрѕўрѕфрІФ рІ░рѕерїЃ ріЦріЋрІ░рІѕрїА 101 рІерЅбрѕ« рЅЂрїЦрѕГ рІФрїѕріЎріЊрѕЇ or call 0920238243 ethiobrand","['ріЦрѕЂрІх', 'рѕЂрѕїрѕЮ', 'ріГрЇЇрЅх', 'ріљріЋ', 'reebok', 'club', 'vintage', 'size', '40,41,42,43', 'price', '3300', 'birr', 'ріарІхрѕФрѕ╗-рѕюріГрѕ▓рі«', 'рі«рѕюрѕГрѕх', 'рїђрѕГрЅБ', 'рѕўрІџрІх', 'рЇЋрѕІрІЏ', 'рІерѕўрїђрѕўрѕфрІФ', 'рІ░рѕерїЃ', 'ріЦріЋрІ░рІѕрїА', '101', 'рІерЅбрѕ«', 'рЅЂрїЦрѕГ', 'рІФрїѕріЎріЊрѕЇ', 'or', 'call', '0920238243', 'ethiobrand']"
@ethio_brand_collection,2025-06-16 09:01:34+00:00,"Skechers archfit 
size 40,41,42,43
Price 3400 birr
­ЪЊїріарІхрѕФрѕ╗-рѕюріГрѕ▓рі« рі«рѕюрѕГрѕх рїђрѕГрЅБ рѕўрІџрІх рЇЋрѕІрІЏ рІерѕўрїђрѕўрѕфрІФ рІ░рѕерїЃ ріЦріЋрІ░рІѕрїА 101 рІерЅбрѕ« рЅЂрїЦрѕГ рІФрїѕріЎріЊрѕЇ or call 0920238243
                                    EthioBrand РюЁ",images/ethio_brand_collection_6116.jpg,-1001149977975,"skechers archfit size 40,41,42,43 price 3400 birr ріарІхрѕФрѕ╗-рѕюріГрѕ▓рі« рі«рѕюрѕГрѕх рїђрѕГрЅБ рѕўрІџрІх рЇЋрѕІрІЏ рІерѕўрїђрѕўрѕфрІФ рІ░рѕерїЃ ріЦріЋрІ░рІѕрїА 101 рІерЅбрѕ« рЅЂрїЦрѕГ рІФрїѕріЎріЊрѕЇ or call 0920238243 ethiobrand","['skechers', 'archfit', 'size', '40,41,42,43', 'price', '3400', 'birr', 'ріарІхрѕФрѕ╗-рѕюріГрѕ▓рі«', 'рі«рѕюрѕГрѕх', 'рїђрѕГрЅБ', 'рѕўрІџрІх', 'рЇЋрѕІрІЏ', 'рІерѕўрїђрѕўрѕфрІФ', 'рІ░рѕерїЃ', 'ріЦріЋрІ░рІѕрїА', '101', 'рІерЅбрѕ«', 'рЅЂрїЦрѕГ', 'рІФрїѕріЎріЊрѕЇ', 'or', 'call', '0920238243', 'ethiobrand']"
@ethio_brand_collection,2025-06-15 09:20:06+00:00,"Рђ╝№ИЈ ріЦрѕЂрІх рѕЂрѕїрѕЮ ріГрЇЇрЅх ріљріЋ Рђ╝№ИЈ

NB 04 leather  
Size 39,40,41,42,43,44
Price 4500 birr
­ЪЊїріарІхрѕФрѕ╗-рѕюріГрѕ▓рі« рі«рѕюрѕГрѕх рїђрѕГрЅБ рѕўрІџрІх рЇЋрѕІрІЏ рІерѕўрїђрѕўрѕфрІФ рІ░рѕерїЃ ріЦріЋрІ░рІѕрїА 101 рІерЅбрѕ« рЅЂрїЦрѕГ рІФрїѕріЎріЊрѕЇ or call 0920238243
                                    EthioBrand РюЁ",images/ethio_brand_collection_6115.jpg,-1001149977975,"ріЦрѕЂрІх рѕЂрѕїрѕЮ ріГрЇЇрЅх ріљріЋ nb 04 leather size 39,40,41,42,43,44 price 4500 birr ріарІхрѕФрѕ╗-рѕюріГрѕ▓рі« рі«рѕюрѕГрѕх рїђрѕГрЅБ рѕўрІџрІх рЇЋрѕІрІЏ рІерѕўрїђрѕўрѕфрІФ рІ░рѕерїЃ ріЦріЋрІ░рІѕрїА 101 рІерЅбрѕ« рЅЂрїЦрѕГ рІФрїѕріЎріЊрѕЇ or call 0920238243 ethiobrand","['ріЦрѕЂрІх', 'рѕЂрѕїрѕЮ', 'ріГрЇЇрЅх', 'ріљріЋ', 'nb', '04', 'leather', 'size', '39,40,41,42,43,44', 'price', '4500', 'birr', 'ріарІхрѕФрѕ╗-рѕюріГрѕ▓рі«', 'рі«рѕюрѕГрѕх', 'рїђрѕГрЅБ', 'рѕўрІџрІх', 'рЇЋрѕІрІЏ', 'рІерѕўрїђрѕўрѕфрІФ', 'рІ░рѕерїЃ', 'ріЦріЋрІ░рІѕрїА', '101', 'рІерЅбрѕ«', 'рЅЂрїЦрѕГ', 'рІФрїѕріЎріЊрѕЇ', 'or', 'call', '0920238243', 'ethiobrand']"
@ethio_brand_collection,2025-06-14 09:04:17+00:00,"Nike Air Force Paisley 
Size 40,41,42,43,44
Price 3700 birr
­ЪЊїріарІхрѕФрѕ╗-рѕюріГрѕ▓рі« рі«рѕюрѕГрѕх рїђрѕГрЅБ рѕўрІџрІх рЇЋрѕІрІЏ рІерѕўрїђрѕўрѕфрІФ рІ░рѕерїЃ ріЦріЋрІ░рІѕрїА 101 рІерЅбрѕ« рЅЂрїЦрѕГ рІФрїѕріЎріЊрѕЇ or call 0920238243       
                                    EthioBrand РюЁ",images/ethio_brand_collection_6113.jpg,-1001149977975,"nike air force paisley size 40,41,42,43,44 price 3700 birr ріарІхрѕФрѕ╗-рѕюріГрѕ▓рі« рі«рѕюрѕГрѕх рїђрѕГрЅБ рѕўрІџрІх рЇЋрѕІрІЏ рІерѕўрїђрѕўрѕфрІФ рІ░рѕерїЃ ріЦріЋрІ░рІѕрїА 101 рІерЅбрѕ« рЅЂрїЦрѕГ рІФрїѕріЎріЊрѕЇ or call 0920238243 ethiobrand","['nike', 'air', 'force', 'paisley', 'size', '40,41,42,43,44', 'price', '3700', 'birr', 'ріарІхрѕФрѕ╗-рѕюріГрѕ▓рі«', 'рі«рѕюрѕГрѕх', 'рїђрѕГрЅБ', 'рѕўрІџрІх', 'рЇЋрѕІрІЏ', 'рІерѕўрїђрѕўрѕфрІФ', 'рІ░рѕерїЃ', 'ріЦріЋрІ░рІѕрїА', '101', 'рІерЅбрѕ«', 'рЅЂрїЦрѕГ', 'рІФрїѕріЎріЊрѕЇ', 'or', 'call', '0920238243', 'ethiobrand']"
@ethio_brand_collection,2025-06-14 06:40:06+00:00,"Skechers GY ULTRA
Size 40,41,42,43,44
Price 3400 birr
­ЪЊїріарІхрѕФрѕ╗-рѕюріГрѕ▓рі« рі«рѕюрѕГрѕх рїђрѕГрЅБ рѕўрІџрІх рЇЋрѕІрІЏ рІерѕўрїђрѕўрѕфрІФ рІ░рѕерїЃ ріЦріЋрІ░рІѕрїА 101 рІерЅбрѕ« рЅЂрїЦрѕГ рІФрїѕріЎріЊрѕЇ or call 0920238243       
                                    EthioBrand РюЁ",images/ethio_brand_collection_6112.jpg,-1001149977975,"skechers gy ultra size 40,41,42,43,44 price 3400 birr ріарІхрѕФрѕ╗-рѕюріГрѕ▓рі« рі«рѕюрѕГрѕх рїђрѕГрЅБ рѕўрІџрІх рЇЋрѕІрІЏ рІерѕўрїђрѕўрѕфрІФ рІ░рѕерїЃ ріЦріЋрІ░рІѕрїА 101 рІерЅбрѕ« рЅЂрїЦрѕГ рІФрїѕріЎріЊрѕЇ or call 0920238243 ethiobrand","['skechers', 'gy', 'ultra', 'size', '40,41,42,43,44', 'price', '3400', 'birr', 'ріарІхрѕФрѕ╗-рѕюріГрѕ▓рі«', 'рі«рѕюрѕГрѕх', 'рїђрѕГрЅБ', 'рѕўрІџрІх', 'рЇЋрѕІрІЏ', 'рІерѕўрїђрѕўрѕфрІФ', 'рІ░рѕерїЃ', 'ріЦріЋрІ░рІѕрїА', '101', 'рІерЅбрѕ«', 'рЅЂрїЦрѕГ', 'рІФрїѕріЎріЊрѕЇ', 'or', 'call', '0920238243', 'ethiobrand']"
@ethio_brand_collection,2025-06-13 09:02:24+00:00,"Adidas Samba OG 
size 40,41,42,43
Price 3600 birr
­ЪЊїріарІхрѕФрѕ╗-рѕюріГрѕ▓рі« рі«рѕюрѕГрѕх рїђрѕГрЅБ рѕўрІџрІх рЇЋрѕІрІЏ рІерѕўрїђрѕўрѕфрІФ рІ░рѕерїЃ ріЦріЋрІ░рІѕрїА 101 рІерЅбрѕ« рЅЂрїЦрѕГ рІФрїѕріЎріЊрѕЇ or call 0920238243
                                    EthioBrand РюЁ",images/ethio_brand_collection_6111.jpg,-1001149977975,"adidas samba og size 40,41,42,43 price 3600 birr ріарІхрѕФрѕ╗-рѕюріГрѕ▓рі« рі«рѕюрѕГрѕх рїђрѕГрЅБ рѕўрІџрІх рЇЋрѕІрІЏ рІерѕўрїђрѕўрѕфрІФ рІ░рѕерїЃ ріЦріЋрІ░рІѕрїА 101 рІерЅбрѕ« рЅЂрїЦрѕГ рІФрїѕріЎріЊрѕЇ or call 0920238243 ethiobrand","['adidas', 'samba', 'og', 'size', '40,41,42,43', 'price', '3600', 'birr', 'ріарІхрѕФрѕ╗-рѕюріГрѕ▓рі«', 'рі«рѕюрѕГрѕх', 'рїђрѕГрЅБ', 'рѕўрІџрІх', 'рЇЋрѕІрІЏ', 'рІерѕўрїђрѕўрѕфрІФ', 'рІ░рѕерїЃ', 'ріЦріЋрІ░рІѕрїА', '101', 'рІерЅбрѕ«', 'рЅЂрїЦрѕГ', 'рІФрїѕріЎріЊрѕЇ', 'or', 'call', '0920238243', 'ethiobrand']"
@ethio_brand_collection,2025-06-13 06:02:37+00:00,"Colombia vibram 
Size 40,41,42,43
Price 3700 birr
­ЪЊїріарІхрѕФрѕ╗-рѕюріГрѕ▓рі« рі«рѕюрѕГрѕх рїђрѕГрЅБ рѕўрІџрІх рЇЋрѕІрІЏ рІерѕўрїђрѕўрѕфрІФ рІ░рѕерїЃ ріЦріЋрІ░рІѕрїА 101 рІерЅбрѕ« рЅЂрїЦрѕГ рІФрїѕріЎріЊрѕЇ or call 0920238243
                                    EthioBrand РюЁ",images/ethio_brand_collection_6110.jpg,-1001149977975,"colombia vibram size 40,41,42,43 price 3700 birr ріарІхрѕФрѕ╗-рѕюріГрѕ▓рі« рі«рѕюрѕГрѕх рїђрѕГрЅБ рѕўрІџрІх рЇЋрѕІрІЏ рІерѕўрїђрѕўрѕфрІФ рІ░рѕерїЃ ріЦріЋрІ░рІѕрїА 101 рІерЅбрѕ« рЅЂрїЦрѕГ рІФрїѕріЎріЊрѕЇ or call 0920238243 ethiobrand","['colombia', 'vibram', 'size', '40,41,42,43', 'price', '3700', 'birr', 'ріарІхрѕФрѕ╗-рѕюріГрѕ▓рі«', 'рі«рѕюрѕГрѕх', 'рїђрѕГрЅБ', 'рѕўрІџрІх', 'рЇЋрѕІрІЏ', 'рІерѕўрїђрѕўрѕфрІФ', 'рІ░рѕерїЃ', 'ріЦріЋрІ░рІѕрїА', '101', 'рІерЅбрѕ«', 'рЅЂрїЦрѕГ', 'рІФрїѕріЎріЊрѕЇ', 'or', 'call', '0920238243', 'ethiobrand']"
@ethio_brand_collection,2025-06-12 06:28:12+00:00,"Skechers Delux Walker  
Size 40,41,42,43
Price 3800 birr
­ЪЊїріарІхрѕФрѕ╗-рѕюріГрѕ▓рі« рі«рѕюрѕГрѕх рїђрѕГрЅБ рѕўрІџрІх рЇЋрѕІрІЏ рІерѕўрїђрѕўрѕфрІФ рІ░рѕерїЃ ріЦріЋрІ░рІѕрїА 101 рІерЅбрѕ« рЅЂрїЦрѕГ рІФрїѕріЎріЊрѕЇ or call 0920238243
                                    EthioBrand РюЁ",images/ethio_brand_collection_6109.jpg,-1001149977975,"skechers delux walker size 40,41,42,43 price 3800 birr ріарІхрѕФрѕ╗-рѕюріГрѕ▓рі« рі«рѕюрѕГрѕх рїђрѕГрЅБ рѕўрІџрІх рЇЋрѕІрІЏ рІерѕўрїђрѕўрѕфрІФ рІ░рѕерїЃ ріЦріЋрІ░рІѕрїА 101 рІерЅбрѕ« рЅЂрїЦрѕГ рІФрїѕріЎріЊрѕЇ or call 0920238243 ethiobrand","['skechers', 'delux', 'walker', 'size', '40,41,42,43', 'price', '3800', 'birr', 'ріарІхрѕФрѕ╗-рѕюріГрѕ▓рі«', 'рі«рѕюрѕГрѕх', 'рїђрѕГрЅБ', 'рѕўрІџрІх', 'рЇЋрѕІрІЏ', 'рІерѕўрїђрѕўрѕфрІФ', 'рІ░рѕерїЃ', 'ріЦріЋрІ░рІѕрїА', '101', 'рІерЅбрѕ«', 'рЅЂрїЦрѕГ', 'рІФрїѕріЎріЊрѕЇ', 'or', 'call', '0920238243', 'ethiobrand']"
@ethio_brand_collection,2025-06-11 09:02:01+00:00,"Alta buckle leather  
Size 39,40,41,42,43,44
Price 4500 birr
­ЪЊїріарІхрѕФрѕ╗-рѕюріГрѕ▓рі« рі«рѕюрѕГрѕх рїђрѕГрЅБ рѕўрІџрІх рЇЋрѕІрІЏ рІерѕўрїђрѕўрѕфрІФ рІ░рѕерїЃ ріЦріЋрІ░рІѕрїА 101 рІерЅбрѕ« рЅЂрїЦрѕГ рІФрїѕріЎріЊрѕЇ or call 0920238243
                                    EthioBrand РюЁ",images/ethio_brand_collection_6108.jpg,-1001149977975,"alta buckle leather size 39,40,41,42,43,44 price 4500 birr ріарІхрѕФрѕ╗-рѕюріГрѕ▓рі« рі«рѕюрѕГрѕх рїђрѕГрЅБ рѕўрІџрІх рЇЋрѕІрІЏ рІерѕўрїђрѕўрѕфрІФ рІ░рѕерїЃ ріЦріЋрІ░рІѕрїА 101 рІерЅбрѕ« рЅЂрїЦрѕГ рІФрїѕріЎріЊрѕЇ or call 0920238243 ethiobrand","['alta', 'buckle', 'leather', 'size', '39,40,41,42,43,44', 'price', '4500', 'birr', 'ріарІхрѕФрѕ╗-рѕюріГрѕ▓рі«', 'рі«рѕюрѕГрѕх', 'рїђрѕГрЅБ', 'рѕўрІџрІх', 'рЇЋрѕІрІЏ', 'рІерѕўрїђрѕўрѕфрІФ', 'рІ░рѕерїЃ', 'ріЦріЋрІ░рІѕрїА', '101', 'рІерЅбрѕ«', 'рЅЂрїЦрѕГ', 'рІФрїѕріЎріЊрѕЇ', 'or', 'call', '0920238243', 'ethiobrand']"
@meneshayeofficial,2025-06-23 05:50:18+00:00,"рІерѕЇрїєрЅй рїарѕерЅцрІЏ ріеріљ рІѕріЋрЅарѕГ

­ЪЉЅрЅарїБрѕЮ рїаріЋріФрѕФ
­ЪЉЅрѕЏріЋрїарѕЇрїарІФ рІФрѕѕрІЇ
­ЪЉЅрЅарЇѕрѕѕрїЅрЅх рѕўрїаріЋ ріерЇЇ рІЮрЅЁ рІерѕџрІФрѕерїЅрЅх
­ЪЉЅрІерѕФрѕ▒ рѕўрѕ│рЅбрІФ рІФрѕѕрІЇ 
­ЪЉЅріерѕІрІГ рІерЅ░рїѕрїарѕўрѕѕрЅх рѕўрїйрѕљрЇЇ рѕЏрѕхрЅђрѕўрїФ рІФрѕѕрІЇ ріЦрІФрІЕ ріЦріЋрІ▓рїйрЇЅ рІерѕџрІФрѕхрЅйрѕІрЅИрІЇ

Рўј№ИЈ 0989939393 / 0930323334

#kidstablesandchairs #kidstable#table #chairs #forkids #kidsproducts #childcare #meneshaye #рѕўріљрѕ╗рІг",images/meneshayeofficial_1039.jpg,-1001373889281,рІерѕЇрїєрЅй рїарѕерЅцрІЏ ріеріљ рІѕріЋрЅарѕГ рЅарїБрѕЮ рїаріЋріФрѕФ рѕЏріЋрїарѕЇрїарІФ рІФрѕѕрІЇ рЅарЇѕрѕѕрїЅрЅх рѕўрїаріЋ ріерЇЇ рІЮрЅЁ рІерѕџрІФрѕерїЅрЅх рІерѕФрѕ▒ рѕўрѕ│рЅбрІФ рІФрѕѕрІЇ ріерѕІрІГ рІерЅ░рїѕрїарѕўрѕѕрЅх рѕўрїйрѕљрЇЇ рѕЏрѕхрЅђрѕўрїФ рІФрѕѕрІЇ ріЦрІФрІЕ ріЦріЋрІ▓рїйрЇЅ рІерѕџрІФрѕхрЅйрѕІрЅИрІЇ 0989939393 / 0930323334 #kidstablesandchairs #kidstable#table #chairs #forkids #kidsproducts #childcare #meneshaye #рѕўріљрѕ╗рІг,"['рІерѕЇрїєрЅй', 'рїарѕерЅцрІЏ', 'ріеріљ', 'рІѕріЋрЅарѕГ', 'рЅарїБрѕЮ', 'рїаріЋріФрѕФ', 'рѕЏріЋрїарѕЇрїарІФ', 'рІФрѕѕрІЇ', 'рЅарЇѕрѕѕрїЅрЅх', 'рѕўрїаріЋ', 'ріерЇЇ', 'рІЮрЅЁ', 'рІерѕџрІФрѕерїЅрЅх', 'рІерѕФрѕ▒', 'рѕўрѕ│рЅбрІФ', 'рІФрѕѕрІЇ', 'ріерѕІрІГ', 'рІерЅ░рїѕрїарѕўрѕѕрЅх', 'рѕўрїйрѕљрЇЇ', 'рѕЏрѕхрЅђрѕўрїФ', 'рІФрѕѕрІЇ', 'ріЦрІФрІЕ', 'ріЦріЋрІ▓рїйрЇЅ', 'рІерѕџрІФрѕхрЅйрѕІрЅИрІЇ', '0989939393', '/', '0930323334', '#', 'kidstablesandchairs', '#', 'kidstable', '#', 'table', '#', 'chairs', '#', 'forkids', '#', 'kidsproducts', '#', 'childcare', '#', 'meneshaye', '#', 'рѕўріљрѕ╗рІг']"
@meneshayeofficial,2025-06-22 10:38:08+00:00,"рїѕрѕІрїЇрѕї рІерѕЇрїєрЅй рѕЮрїЇрЅЦ рѕўрѕхрѕфрІФ
рІерѕЇрїєрЅйріЋ рѕЇрЅЦ рІерѕџрІФрѕИріЋрЇЇрЇБ рІеріЦріЊрЅхріЋ рїірІю рІерѕџрЅєрїЦрЅЦ

РўЉ№ИЈрІГрЅђрЅЁрѕІрѕЇРўЉ№ИЈрІГрЇѕрїФрѕЇРўЉ№ИЈрІФрѕЇрѕЏрѕЇРўЉ№ИЈрЇђрѕе-рЅЦріГрѕѕрЅхРўЉ№ИЈрЅарѕФрѕ▒ рІерѕџрЇђрІ│

­ЪЉЅріерЇЇрЅ░ріЏ рїЅрѕЇрЅарЅх рѕхрѕІрѕѕрІЇ рЅарЇЇрїЦріљрЅх рѕЮрїЇрЅЦ рІФрІўрїІрїЃрѕЇ
­ЪЉЅрІерѕФрѕ▒ рѕ░ріарЅх рѕўрЅєрїБрїарѕфрІФ рІФрѕѕрІЇ

рІерЅ░рѕерїІрїѕрїа рІе ріаріЋрІх рІЊрѕўрЅх рІІрѕхрЅхріЊ ріЦріЋрѕ░рїБрѕѕріЋРђ╝№ИЈ

­ЪЊ▒0989939393┬а┬а┬а /┬а┬а ­ЪЊ▒0911259661 

­Ъџ┤РђЇРЎѓ№ИЈ рІГрІўрІЎріЋ рІФрѕЅрЅарЅх рІхрѕерѕх ріЦріЊрѕўрїБрѕѕріЋРђ╝№ИЈ

­ЪЉЉ­ЪЉЉ рІЇрІх рІ░ріЋрЅаріЏрЅйріЋ рЅарѕхрѕФрЅйріЋ рѕІрІГ рѕђрѕ│рЅЦ ріЦріЊ ріарѕхрЅ░рІФрІерЅх ріФрѕѕрІјрЅх┬а рЅарІџрѕЁ рѕхрѕЇріГ рІ░рІЅрѕѕрІЅ рІФрѕ│рІЅрЅЂріЋрЇб 

0939091943

foodprocessor #forkids #kitchengadgets #mom #mombabycare #mombabyfeeding #рІерѕЇрїєрЅй #ethiopianmother #addisababa",images/meneshayeofficial_1038.jpg,-1001373889281,рїѕрѕІрїЇрѕї рІерѕЇрїєрЅй рѕЮрїЇрЅЦ рѕўрѕхрѕфрІФ рІерѕЇрїєрЅйріЋ рѕЇрЅЦ рІерѕџрІФрѕИріЋрЇЇрЇБ рІеріЦріЊрЅхріЋ рїірІю рІерѕџрЅєрїЦрЅЦ рІГрЅђрЅЁрѕІрѕЇрІГрЇѕрїФрѕЇрІФрѕЇрѕЏрѕЇрЇђрѕе-рЅЦріГрѕѕрЅхрЅарѕФрѕ▒ рІерѕџрЇђрІ│ ріерЇЇрЅ░ріЏ рїЅрѕЇрЅарЅх рѕхрѕІрѕѕрІЇ рЅарЇЇрїЦріљрЅх рѕЮрїЇрЅЦ рІФрІўрїІрїЃрѕЇ рІерѕФрѕ▒ рѕ░ріарЅх рѕўрЅєрїБрїарѕфрІФ рІФрѕѕрІЇ рІерЅ░рѕерїІрїѕрїа рІе ріаріЋрІх рІЊрѕўрЅх рІІрѕхрЅхріЊ ріЦріЋрѕ░рїБрѕѕріЋ 0989939393 / 0911259661 РђЇ рІГрІўрІЎріЋ рІФрѕЅрЅарЅх рІхрѕерѕх ріЦріЊрѕўрїБрѕѕріЋ рІЇрІх рІ░ріЋрЅаріЏрЅйріЋ рЅарѕхрѕФрЅйріЋ рѕІрІГ рѕђрѕ│рЅЦ ріЦріЊ ріарѕхрЅ░рІФрІерЅх ріФрѕѕрІјрЅх рЅарІџрѕЁ рѕхрѕЇріГ рІ░рІЅрѕѕрІЅ рІФрѕ│рІЅрЅЂріЋрЇб 0939091943 foodprocessor #forkids #kitchengadgets #mom #mombabycare #mombabyfeeding #рІерѕЇрїєрЅй #ethiopianmother #addisababa,"['рїѕрѕІрїЇрѕї', 'рІерѕЇрїєрЅй', 'рѕЮрїЇрЅЦ', 'рѕўрѕхрѕфрІФ', 'рІерѕЇрїєрЅйріЋ', 'рѕЇрЅЦ', 'рІерѕџрІФрѕИріЋрЇЇрЇБ', 'рІеріЦріЊрЅхріЋ', 'рїірІю', 'рІерѕџрЅєрїЦрЅЦ', 'рІГрЅђрЅЁрѕІрѕЇрІГрЇѕрїФрѕЇрІФрѕЇрѕЏрѕЇрЇђрѕе-рЅЦріГрѕѕрЅхрЅарѕФрѕ▒', 'рІерѕџрЇђрІ│', 'ріерЇЇрЅ░ріЏ', 'рїЅрѕЇрЅарЅх', 'рѕхрѕІрѕѕрІЇ', 'рЅарЇЇрїЦріљрЅх', 'рѕЮрїЇрЅЦ', 'рІФрІўрїІрїЃрѕЇ', 'рІерѕФрѕ▒', 'рѕ░ріарЅх', 'рѕўрЅєрїБрїарѕфрІФ', 'рІФрѕѕрІЇ', 'рІерЅ░рѕерїІрїѕрїа', 'рІе', 'ріаріЋрІх', 'рІЊрѕўрЅх', 'рІІрѕхрЅхріЊ', 'ріЦріЋрѕ░рїБрѕѕріЋ', '0989939393', '/', '0911259661', '\u200d', 'рІГрІўрІЎріЋ', 'рІФрѕЅрЅарЅх', 'рІхрѕерѕх', 'ріЦріЊрѕўрїБрѕѕріЋ', 'рІЇрІх', 'рІ░ріЋрЅаріЏрЅйріЋ', 'рЅарѕхрѕФрЅйріЋ', 'рѕІрІГ', 'рѕђрѕ│рЅЦ', 'ріЦріЊ', 'ріарѕхрЅ░рІФрІерЅх', 'ріФрѕѕрІјрЅх', 'рЅарІџрѕЁ', 'рѕхрѕЇріГ', 'рІ░рІЅрѕѕрІЅ', 'рІФрѕ│рІЅрЅЂріЋрЇб', '0939091943', 'foodprocessor', '#', 'forkids', '#', 'kitchengadgets', '#', 'mom', '#', 'mombabycare', '#', 'mombabyfeeding', '#', 'рІерѕЇрїєрЅй', '#', 'ethiopianmother', '#', 'addisababa']"
@meneshayeofficial,2025-06-21 16:04:30+00:00,"рІерѕЇрїєрЅй   рІЦрІІрІЦрІї рЇБрѕИрѕГрЅ░рЅ┤рЇБрЅЁрѕГрїФрЅх рі│рѕх рѕўрїФрІѕрЅ╗ рЇБ рѕўрї╗рЇірІФ рѕ░рѕїрІ│ ріЦріЊ рІерѕўрѕ│рѕ░рѕЅрЅхріЋ рѕЂрѕЅріЋрѕЮ рЅаріаріЋрІх рѕІрІГ рІерІФрІў рІерѕЇрїєрЅй рѕўрїФрІѕрЅ╗ ріерѕўріљрѕ╗рІг рІГрѕИрѕЮрЅ▒рЇб


ріарІхрѕФрѕ╗рЇд
­ЪЊЇрїЅрѕГрІх рѕЙрѕІ рѕєрѕі рѕ▓рЅ▓ рѕ┤ріЋрЅ░рѕГ 3ріЏ рЇјрЅЁ
рІГрѕЮрїА рЅарѕўріљрѕ╗рІг рІерѕЇрїЁрІјріЋ рѕўріљрѕ╗ рІФрЅЁрѕЇрѕЅ!

РўЉ№ИЈрІГрІ░рІЇрѕЅ 0989939393 рІѕрІГрѕЮ 0930323334

РўЉ№ИЈTelegram > http://t.me/meneshayeofficial
РўЉ№ИЈTiktok > http://tiktok.com/@meneshayeofficial
РўЉ№ИЈFacebook > http://facebook.com/@meneshayeofficial 

#gift #discount #chrismasgift #Daycare #quality #рѕЇрїєрЅй ┬а#gift┬а┬а #entertain #toy #kid┬а #store #educationaltoys #meneshaye
#meneshayestore",images/meneshayeofficial_1037.jpg,-1001373889281,рІерѕЇрїєрЅй рІЦрІІрІЦрІї рЇБрѕИрѕГрЅ░рЅ┤рЇБрЅЁрѕГрїФрЅх рі│рѕх рѕўрїФрІѕрЅ╗ рЇБ рѕўрї╗рЇірІФ рѕ░рѕїрІ│ ріЦріЊ рІерѕўрѕ│рѕ░рѕЅрЅхріЋ рѕЂрѕЅріЋрѕЮ рЅаріаріЋрІх рѕІрІГ рІерІФрІў рІерѕЇрїєрЅй рѕўрїФрІѕрЅ╗ ріерѕўріљрѕ╗рІг рІГрѕИрѕЮрЅ▒рЇб ріарІхрѕФрѕ╗рЇд рїЅрѕГрІх рѕЙрѕІ рѕєрѕі рѕ▓рЅ▓ рѕ┤ріЋрЅ░рѕГ 3ріЏ рЇјрЅЁ рІГрѕЮрїА рЅарѕўріљрѕ╗рІг рІерѕЇрїЁрІјріЋ рѕўріљрѕ╗ рІФрЅЁрѕЇрѕЅ! рІГрІ░рІЇрѕЅ 0989939393 рІѕрІГрѕЮ 0930323334 telegram > http://t.me/meneshayeofficial tiktok > http://tiktok.com/@meneshayeofficial facebook > http://facebook.com/@meneshayeofficial #gift #discount #chrismasgift #daycare #quality #рѕЇрїєрЅй #gift #entertain #toy #kid #store #educationaltoys #meneshaye #meneshayestore,"['рІерѕЇрїєрЅй', 'рІЦрІІрІЦрІї', 'рЇБрѕИрѕГрЅ░рЅ┤рЇБрЅЁрѕГрїФрЅх', 'рі│рѕх', 'рѕўрїФрІѕрЅ╗', 'рЇБ', 'рѕўрї╗рЇірІФ', 'рѕ░рѕїрІ│', 'ріЦріЊ', 'рІерѕўрѕ│рѕ░рѕЅрЅхріЋ', 'рѕЂрѕЅріЋрѕЮ', 'рЅаріаріЋрІх', 'рѕІрІГ', 'рІерІФрІў', 'рІерѕЇрїєрЅй', 'рѕўрїФрІѕрЅ╗', 'ріерѕўріљрѕ╗рІг', 'рІГрѕИрѕЮрЅ▒рЇб', 'ріарІхрѕФрѕ╗рЇд', 'рїЅрѕГрІх', 'рѕЙрѕІ', 'рѕєрѕі', 'рѕ▓рЅ▓', 'рѕ┤ріЋрЅ░рѕГ', '3ріЏ', 'рЇјрЅЁ', 'рІГрѕЮрїА', 'рЅарѕўріљрѕ╗рІг', 'рІерѕЇрїЁрІјріЋ', 'рѕўріљрѕ╗', 'рІФрЅЁрѕЇрѕЅ', '!', 'рІГрІ░рІЇрѕЅ', '0989939393', 'рІѕрІГрѕЮ', '0930323334', 'telegram', '>', 'http', ':', '//t.me/meneshayeofficial', 'tiktok', '>', 'http', ':', '//tiktok.com/', '@', 'meneshayeofficial', 'facebook', '>', 'http', ':', '//facebook.com/', '@', 'meneshayeofficial', '#', 'gift', '#', 'discount', '#', 'chrismasgift', '#', 'daycare', '#', 'quality', '#', 'рѕЇрїєрЅй', '#', 'gift', '#', 'entertain', '#', 'toy', '#', 'kid', '#', 'store', '#', 'educationaltoys', '#', 'meneshaye', '#', 'meneshayestore']"
@meneshayeofficial,2025-06-20 15:46:18+00:00,"рѕѕрІЇрІх рѕЇрїєрІј #рѕхрїдрЅ│ ріерѕўріљрѕ╗рІг
рѕЮріЋрѕЮ ріарІГріљрЅх рЅБрЅхрѕфріЊ ріцрѕїріГрЅхрѕфріГ рІерѕЏрІГрЇѕрѕЇрїЅ
рІерѕЇрїєрЅй рѕўріфріЊ

­ЪЉЅрЅарЅ░рѕѕрІФрІе ріарІГріљрЅх ріарѕЏрѕФрїГ рѕѕрѕЇрїєрЅйрІј рІерЅђрѕерЅА рѕЏріЌрѕЇ рЅ░рѕйріерѕГріФрѕфрІјрЅй ріерѕўріљрѕ╗рІг!

­ЪЉЅрѕЇрїєрЅй рЅаріЦрїЇрѕФрЅИрІЇ ріЦріЋрЅЁрѕхрЅЃрѕ┤ріЋ 
ріЦріЋрІ▓рІФрІ░рѕГрїЅ рІерѕџрІФрїЇрІЎ
­ЪЉЅрЅа #BMW рЇБ #рЅарЇїрѕФрѕфріЊ #рЅарЇќрѕГрѕй ріФрѕЮрЇЊріњрІјрЅй ріЦрІЇрЅЁріЊ рІерЅ░рѕ░рїБрЅИрІЇ
­ЪЉЅрІерѕЇрїєрЅйріЋ рІеріаріФрѕЇ рїЦріЋріФрѕг рІерѕџрІФрІ│рЅЦрѕЕ
­ЪЉЅрЅарїЦрѕФрЅх рІерЅ░рѕўрѕерЅ▒ріЊ рѕѕрѕерІЦрѕЮ рїірІю рІерѕџрІФрїѕрѕѕрїЇрѕЅ


ріарІхрѕФрѕ╗рЇд
­ЪЊЇрїЅрѕГрІх рѕЙрѕІ рѕєрѕі рѕ▓рЅ▓ рѕ┤ріЋрЅ░рѕГ 3ріЏ рЇјрЅЁ
рІГрѕЮрїА рЅарѕўріљрѕ╗рІг рІерѕЇрїЁрІјріЋ рѕўріљрѕ╗ рІФрЅЁрѕЇрѕЅ!

рІГрІ░рІЇрѕЅ 0989939393 рІѕрІГрѕЮ 0930323334

Telegram > http://t.me/meneshayeofficial
Tiktok > http://tiktok.com/@meneshayeofficial
Facebook > http://facebook.com/@meneshayeofficial 

#gift #discount #chrismasgift #manualcar #BMW #ferrari # car #Daycare #quality #рѕЇрїєрЅй ┬а#gift┬а┬а #entertain #toy #kid┬а #store #educationaltoys #meneshaye
#meneshayestore",images/meneshayeofficial_1036.jpg,-1001373889281,рѕѕрІЇрІх рѕЇрїєрІј #рѕхрїдрЅ│ ріерѕўріљрѕ╗рІг рѕЮріЋрѕЮ ріарІГріљрЅх рЅБрЅхрѕфріЊ ріцрѕїріГрЅхрѕфріГ рІерѕЏрІГрЇѕрѕЇрїЅ рІерѕЇрїєрЅй рѕўріфріЊ рЅарЅ░рѕѕрІФрІе ріарІГріљрЅх ріарѕЏрѕФрїГ рѕѕрѕЇрїєрЅйрІј рІерЅђрѕерЅА рѕЏріЌрѕЇ рЅ░рѕйріерѕГріФрѕфрІјрЅй ріерѕўріљрѕ╗рІг! рѕЇрїєрЅй рЅаріЦрїЇрѕФрЅИрІЇ ріЦріЋрЅЁрѕхрЅЃрѕ┤ріЋ ріЦріЋрІ▓рІФрІ░рѕГрїЅ рІерѕџрІФрїЇрІЎ рЅа #bmw рЇБ #рЅарЇїрѕФрѕфріЊ #рЅарЇќрѕГрѕй ріФрѕЮрЇЊріњрІјрЅй ріЦрІЇрЅЁріЊ рІерЅ░рѕ░рїБрЅИрІЇ рІерѕЇрїєрЅйріЋ рІеріаріФрѕЇ рїЦріЋріФрѕг рІерѕџрІФрІ│рЅЦрѕЕ рЅарїЦрѕФрЅх рІерЅ░рѕўрѕерЅ▒ріЊ рѕѕрѕерІЦрѕЮ рїірІю рІерѕџрІФрїѕрѕѕрїЇрѕЅ ріарІхрѕФрѕ╗рЇд рїЅрѕГрІх рѕЙрѕІ рѕєрѕі рѕ▓рЅ▓ рѕ┤ріЋрЅ░рѕГ 3ріЏ рЇјрЅЁ рІГрѕЮрїА рЅарѕўріљрѕ╗рІг рІерѕЇрїЁрІјріЋ рѕўріљрѕ╗ рІФрЅЁрѕЇрѕЅ! рІГрІ░рІЇрѕЅ 0989939393 рІѕрІГрѕЮ 0930323334 telegram > http://t.me/meneshayeofficial tiktok > http://tiktok.com/@meneshayeofficial facebook > http://facebook.com/@meneshayeofficial #gift #discount #chrismasgift #manualcar #bmw #ferrari # car #daycare #quality #рѕЇрїєрЅй #gift #entertain #toy #kid #store #educationaltoys #meneshaye #meneshayestore,"['рѕѕрІЇрІх', 'рѕЇрїєрІј', '#', 'рѕхрїдрЅ│', 'ріерѕўріљрѕ╗рІг', 'рѕЮріЋрѕЮ', 'ріарІГріљрЅх', 'рЅБрЅхрѕфріЊ', 'ріцрѕїріГрЅхрѕфріГ', 'рІерѕЏрІГрЇѕрѕЇрїЅ', 'рІерѕЇрїєрЅй', 'рѕўріфріЊ', 'рЅарЅ░рѕѕрІФрІе', 'ріарІГріљрЅх', 'ріарѕЏрѕФрїГ', 'рѕѕрѕЇрїєрЅйрІј', 'рІерЅђрѕерЅА', 'рѕЏріЌрѕЇ', 'рЅ░рѕйріерѕГріФрѕфрІјрЅй', 'ріерѕўріљрѕ╗рІг', '!', 'рѕЇрїєрЅй', 'рЅаріЦрїЇрѕФрЅИрІЇ', 'ріЦріЋрЅЁрѕхрЅЃрѕ┤ріЋ', 'ріЦріЋрІ▓рІФрІ░рѕГрїЅ', 'рІерѕџрІФрїЇрІЎ', 'рЅа', '#', 'bmw', 'рЇБ', '#', 'рЅарЇїрѕФрѕфріЊ', '#', 'рЅарЇќрѕГрѕй', 'ріФрѕЮрЇЊріњрІјрЅй', 'ріЦрІЇрЅЁріЊ', 'рІерЅ░рѕ░рїБрЅИрІЇ', 'рІерѕЇрїєрЅйріЋ', 'рІеріаріФрѕЇ', 'рїЦріЋріФрѕг', 'рІерѕџрІФрІ│рЅЦрѕЕ', 'рЅарїЦрѕФрЅх', 'рІерЅ░рѕўрѕерЅ▒ріЊ', 'рѕѕрѕерІЦрѕЮ', 'рїірІю', 'рІерѕџрІФрїѕрѕѕрїЇрѕЅ', 'ріарІхрѕФрѕ╗рЇд', 'рїЅрѕГрІх', 'рѕЙрѕІ', 'рѕєрѕі', 'рѕ▓рЅ▓', 'рѕ┤ріЋрЅ░рѕГ', '3ріЏ', 'рЇјрЅЁ', 'рІГрѕЮрїА', 'рЅарѕўріљрѕ╗рІг', 'рІерѕЇрїЁрІјріЋ', 'рѕўріљрѕ╗', 'рІФрЅЁрѕЇрѕЅ', '!', 'рІГрІ░рІЇрѕЅ', '0989939393', 'рІѕрІГрѕЮ', '0930323334', 'telegram', '>', 'http', ':', '//t.me/meneshayeofficial', 'tiktok', '>', 'http', ':', '//tiktok.com/', '@', 'meneshayeofficial', 'facebook', '>', 'http', ':', '//facebook.com/', '@', 'meneshayeofficial', '#', 'gift', '#', 'discount', '#', 'chrismasgift', '#', 'manualcar', '#', 'bmw', '#', 'ferrari', '#', 'car', '#', 'daycare', '#', 'quality', '#', 'рѕЇрїєрЅй', '#', 'gift', '#', 'entertain', '#', 'toy', '#', 'kid', '#', 'store', '#', 'educationaltoys', '#', 'meneshaye', '#', 'meneshayestore']"
@meneshayeofficial,2025-06-19 15:18:55+00:00,"ріарѕЏрѕГріЏріЊ ріЦріЋрїЇрѕірІўріЏ рЅарЅђрѕІрѕЅ рѕЏріЋрЅарЅЦріЊ рѕўрЇЃрЇЇ рІерѕџрІФрѕхрЅйрѕЇ 150 ріФрѕГрІх рІФрѕѕрІЇ рЅБрѕѕрІ░рѕЮрїй рІерѕЇрїєрЅй рѕўрѕЏрѕфрІФ
0989939393/  https://t.me/meneshayeofficial

РўЉ№ИЈрЅБрѕѕрІхрѕЮрїй рІерѕЇрїєрЅй рѕўрѕўрѕфрІФ
РўЉ№ИЈрЅаріарѕЏрѕГріЏріЊ рЅаріЦріЋрїЇрѕірІЮріЏ 
РўЉ№ИЈ150 рѕўрѕЏрѕфрІФ ріФрѕГрІХрЅй рІФрѕЅрЅх

­ЪЉЅрѕѕрЅарѕѕрїа рѕўрѕерїЃ ріерЅ│рЅй рІФрѕѕрІЇріЋ рІхрѕЁрѕе рїѕрїй рІГрїФріЉ
https://meneshaye-official.com/meneshaye-lelije/dik-dik.html

­ЪЉЅрІГрІ░рІЇрѕЅ 0989939393 рІѕрІГрѕЮ 0930323334 рІФрѕЅрЅарЅх ріЦріЋрІ░рѕГрѕ│рѕѕріЋ

ріарІ│рІ▓рѕх рѕЮрѕГрЅХрЅйріЋ ріерЇѕрѕѕрїЅ рЅ┤рѕїрїЇрѕФрѕЮ рЅ╗ріЊрѕІрЅйріЋріЋ
рЅарѕўрЅђрѕІрЅђрѕЇ рЅцрЅ░рѕ░рЅЦ рІГрѕЂріЉ

https://t.me/meneshayeofficial

#kidslearning #educationforkids #parenting #parentingtipsstemtoys #LEGO #forkids #meneshaye #рѕўріљрѕ╗рІг",images/meneshayeofficial_1035.jpg,-1001373889281,ріарѕЏрѕГріЏріЊ ріЦріЋрїЇрѕірІўріЏ рЅарЅђрѕІрѕЅ рѕЏріЋрЅарЅЦріЊ рѕўрЇЃрЇЇ рІерѕџрІФрѕхрЅйрѕЇ 150 ріФрѕГрІх рІФрѕѕрІЇ рЅБрѕѕрІ░рѕЮрїй рІерѕЇрїєрЅй рѕўрѕЏрѕфрІФ 0989939393/ https://t.me/meneshayeofficial рЅБрѕѕрІхрѕЮрїй рІерѕЇрїєрЅй рѕўрѕўрѕфрІФ рЅаріарѕЏрѕГріЏріЊ рЅаріЦріЋрїЇрѕірІЮріЏ 150 рѕўрѕЏрѕфрІФ ріФрѕГрІХрЅй рІФрѕЅрЅх рѕѕрЅарѕѕрїа рѕўрѕерїЃ ріерЅ│рЅй рІФрѕѕрІЇріЋ рІхрѕЁрѕе рїѕрїй рІГрїФріЉ https://meneshaye-official.com/meneshaye-lelije/dik-dik.html рІГрІ░рІЇрѕЅ 0989939393 рІѕрІГрѕЮ 0930323334 рІФрѕЅрЅарЅх ріЦріЋрІ░рѕГрѕ│рѕѕріЋ ріарІ│рІ▓рѕх рѕЮрѕГрЅХрЅйріЋ ріерЇѕрѕѕрїЅ рЅ┤рѕїрїЇрѕФрѕЮ рЅ╗ріЊрѕІрЅйріЋріЋ рЅарѕўрЅђрѕІрЅђрѕЇ рЅцрЅ░рѕ░рЅЦ рІГрѕЂріЉ https://t.me/meneshayeofficial #kidslearning #educationforkids #parenting #parentingtipsstemtoys #lego #forkids #meneshaye #рѕўріљрѕ╗рІг,"['ріарѕЏрѕГріЏріЊ', 'ріЦріЋрїЇрѕірІўріЏ', 'рЅарЅђрѕІрѕЅ', 'рѕЏріЋрЅарЅЦріЊ', 'рѕўрЇЃрЇЇ', 'рІерѕџрІФрѕхрЅйрѕЇ', '150', 'ріФрѕГрІх', 'рІФрѕѕрІЇ', 'рЅБрѕѕрІ░рѕЮрїй', 'рІерѕЇрїєрЅй', 'рѕўрѕЏрѕфрІФ', '0989939393/', 'https', ':', '//t.me/meneshayeofficial', 'рЅБрѕѕрІхрѕЮрїй', 'рІерѕЇрїєрЅй', 'рѕўрѕўрѕфрІФ', 'рЅаріарѕЏрѕГріЏріЊ', 'рЅаріЦріЋрїЇрѕірІЮріЏ', '150', 'рѕўрѕЏрѕфрІФ', 'ріФрѕГрІХрЅй', 'рІФрѕЅрЅх', 'рѕѕрЅарѕѕрїа', 'рѕўрѕерїЃ', 'ріерЅ│рЅй', 'рІФрѕѕрІЇріЋ', 'рІхрѕЁрѕе', 'рїѕрїй', 'рІГрїФріЉ', 'https', ':', '//meneshaye-official.com/meneshaye-lelije/dik-dik.html', 'рІГрІ░рІЇрѕЅ', '0989939393', 'рІѕрІГрѕЮ', '0930323334', 'рІФрѕЅрЅарЅх', 'ріЦріЋрІ░рѕГрѕ│рѕѕріЋ', 'ріарІ│рІ▓рѕх', 'рѕЮрѕГрЅХрЅйріЋ', 'ріерЇѕрѕѕрїЅ', 'рЅ┤рѕїрїЇрѕФрѕЮ', 'рЅ╗ріЊрѕІрЅйріЋріЋ', 'рЅарѕўрЅђрѕІрЅђрѕЇ', 'рЅцрЅ░рѕ░рЅЦ', 'рІГрѕЂріЉ', 'https', ':', '//t.me/meneshayeofficial', '#', 'kidslearning', '#', 'educationforkids', '#', 'parenting', '#', 'parentingtipsstemtoys', '#', 'lego', '#', 'forkids', '#', 'meneshaye', '#', 'рѕўріљрѕ╗рІг']"
@meneshayeofficial,2025-06-18 16:55:12+00:00,"рІерѕѓрѕ│рЅЦ рѕірЅЁ рѕўріљрѕ╗ рїЦрЅЁрѕЇ

рѕЇрїєрЅйрІј┬а рЅЂрїЦрѕГріЋ ріерѕўрЅЂрїарѕГ┬а рїђрѕЮрѕ«┬а рѕѓрѕ│рЅЦріЋ рЅарЅђрѕІрѕЅ рЅарЅ░рїЇрЅБрѕГ┬а рІерѕџрѕЏрѕЕрЅарЅх

РўЉ№ИЈрѕўрї╗рЇірІФ рѕ░рѕїрІ│ рІФрѕѕрІЇ

РўЉ№ИЈрѕѕрЅарѕѕрїа рѕўрѕерїЃ ріерЅ│рЅй рІФрѕѕрІЇріЋ рѕЏрѕхрЇѕріЋрїарѕфрІФ рІГрїФріЉ

https://meneshaye-official.com/meneshaye-lelije/yehisab-liq.html


Рўј№ИЈ0930323334/0989939393 рІГрІ░рІЇрѕЅрѕЇріЋ


#EducationalToys #learningtoys #stemtoys #LEGO #forkids #meneshaye #рѕўріљрѕ╗рІг",images/meneshayeofficial_1034.jpg,-1001373889281,рІерѕѓрѕ│рЅЦ рѕірЅЁ рѕўріљрѕ╗ рїЦрЅЁрѕЇ рѕЇрїєрЅйрІј рЅЂрїЦрѕГріЋ ріерѕўрЅЂрїарѕГ рїђрѕЮрѕ« рѕѓрѕ│рЅЦріЋ рЅарЅђрѕІрѕЅ рЅарЅ░рїЇрЅБрѕГ рІерѕџрѕЏрѕЕрЅарЅх рѕўрї╗рЇірІФ рѕ░рѕїрІ│ рІФрѕѕрІЇ рѕѕрЅарѕѕрїа рѕўрѕерїЃ ріерЅ│рЅй рІФрѕѕрІЇріЋ рѕЏрѕхрЇѕріЋрїарѕфрІФ рІГрїФріЉ https://meneshaye-official.com/meneshaye-lelije/yehisab-liq.html 0930323334/0989939393 рІГрІ░рІЇрѕЅрѕЇріЋ #educationaltoys #learningtoys #stemtoys #lego #forkids #meneshaye #рѕўріљрѕ╗рІг,"['рІерѕѓрѕ│рЅЦ', 'рѕірЅЁ', 'рѕўріљрѕ╗', 'рїЦрЅЁрѕЇ', 'рѕЇрїєрЅйрІј', 'рЅЂрїЦрѕГріЋ', 'ріерѕўрЅЂрїарѕГ', 'рїђрѕЮрѕ«', 'рѕѓрѕ│рЅЦріЋ', 'рЅарЅђрѕІрѕЅ', 'рЅарЅ░рїЇрЅБрѕГ', 'рІерѕџрѕЏрѕЕрЅарЅх', 'рѕўрї╗рЇірІФ', 'рѕ░рѕїрІ│', 'рІФрѕѕрІЇ', 'рѕѕрЅарѕѕрїа', 'рѕўрѕерїЃ', 'ріерЅ│рЅй', 'рІФрѕѕрІЇріЋ', 'рѕЏрѕхрЇѕріЋрїарѕфрІФ', 'рІГрїФріЉ', 'https', ':', '//meneshaye-official.com/meneshaye-lelije/yehisab-liq.html', '0930323334/0989939393', 'рІГрІ░рІЇрѕЅрѕЇріЋ', '#', 'educationaltoys', '#', 'learningtoys', '#', 'stemtoys', '#', 'lego', '#', 'forkids', '#', 'meneshaye', '#', 'рѕўріљрѕ╗рІг']"
@meneshayeofficial,2025-06-18 09:06:42+00:00,"ріеріЦрѕГрѕ│рѕх ріарІФрІФрІЮ рїђрѕЮрѕ« ріарѕЏрѕГріЏріЊ ріЦріЋрїЇрѕірІўріЏ рЅарЅђрѕІрѕЅ рѕЏріЋрЅарЅЦріЊ рѕўрЇЃрЇЇ рІерѕџрІФрѕхрЅйрѕЇ 

рѕхрѕѕрЅђрѕѕрѕю рѕўріљрѕ╗ рІерЅарѕѕрїа рѕѕрѕЏрІѕрЅЁ ріерЅ│рЅй рІФрѕѕрІЇріЋ рѕЏрѕхрЇѕріЋрїарѕфрІФ рІГрїФріЉ
https://meneshaye-official.com/meneshaye-lelije/yekeleme-menesha.html

Рўј№ИЈ0930323334/0989939393 рІГрІ░рІЇрѕЅрѕЇріЋ


#EducationalToys #learningtoys #stemtoys #LEGO #forkids #meneshaye #рѕўріљрѕ╗рІг",images/meneshayeofficial_1032.jpg,-1001373889281,ріеріЦрѕГрѕ│рѕх ріарІФрІФрІЮ рїђрѕЮрѕ« ріарѕЏрѕГріЏріЊ ріЦріЋрїЇрѕірІўріЏ рЅарЅђрѕІрѕЅ рѕЏріЋрЅарЅЦріЊ рѕўрЇЃрЇЇ рІерѕџрІФрѕхрЅйрѕЇ рѕхрѕѕрЅђрѕѕрѕю рѕўріљрѕ╗ рІерЅарѕѕрїа рѕѕрѕЏрІѕрЅЁ ріерЅ│рЅй рІФрѕѕрІЇріЋ рѕЏрѕхрЇѕріЋрїарѕфрІФ рІГрїФріЉ https://meneshaye-official.com/meneshaye-lelije/yekeleme-menesha.html 0930323334/0989939393 рІГрІ░рІЇрѕЅрѕЇріЋ #educationaltoys #learningtoys #stemtoys #lego #forkids #meneshaye #рѕўріљрѕ╗рІг,"['ріеріЦрѕГрѕ│рѕх', 'ріарІФрІФрІЮ', 'рїђрѕЮрѕ«', 'ріарѕЏрѕГріЏріЊ', 'ріЦріЋрїЇрѕірІўріЏ', 'рЅарЅђрѕІрѕЅ', 'рѕЏріЋрЅарЅЦріЊ', 'рѕўрЇЃрЇЇ', 'рІерѕџрІФрѕхрЅйрѕЇ', 'рѕхрѕѕрЅђрѕѕрѕю', 'рѕўріљрѕ╗', 'рІерЅарѕѕрїа', 'рѕѕрѕЏрІѕрЅЁ', 'ріерЅ│рЅй', 'рІФрѕѕрІЇріЋ', 'рѕЏрѕхрЇѕріЋрїарѕфрІФ', 'рІГрїФріЉ', 'https', ':', '//meneshaye-official.com/meneshaye-lelije/yekeleme-menesha.html', '0930323334/0989939393', 'рІГрІ░рІЇрѕЅрѕЇріЋ', '#', 'educationaltoys', '#', 'learningtoys', '#', 'stemtoys', '#', 'lego', '#', 'forkids', '#', 'meneshaye', '#', 'рѕўріљрѕ╗рІг']"
@meneshayeofficial,2025-06-17 16:00:09+00:00,"рїѕрѕІрїЇрѕї рІерѕЇрїєрЅй рѕЮрїЇрЅЦ рѕўрѕхрѕфрІФ
рІерѕЇрїєрЅйріЋ рѕЇрЅЦ рІерѕџрІФрѕИріЋрЇЇрЇБ рІеріЦріЊрЅхріЋ рїірІю рІерѕџрЅєрїЦрЅЦ

РўЉ№ИЈрІГрЅђрЅЁрѕІрѕЇРўЉ№ИЈрІГрЇѕрїФрѕЇРўЉ№ИЈрІФрѕЇрѕЏрѕЇРўЉ№ИЈрЇђрѕе-рЅЦріГрѕѕрЅхРўЉ№ИЈрЅарѕФрѕ▒ рІерѕџрЇђрІ│

­ЪЉЅріерЇЇрЅ░ріЏ рїЅрѕЇрЅарЅх рѕхрѕІрѕѕрІЇ рЅарЇЇрїЦріљрЅх рѕЮрїЇрЅЦ рІФрІўрїІрїЃрѕЇ
­ЪЉЅрІерѕФрѕ▒ рѕ░ріарЅх рѕўрЅєрїБрїарѕфрІФ рІФрѕѕрІЇ

рІерЅ░рѕерїІрїѕрїа рІе ріаріЋрІх рІЊрѕўрЅх рІІрѕхрЅхріЊ ріЦріЋрѕ░рїБрѕѕріЋРђ╝№ИЈ

­ЪЊ▒0989939393┬а┬а┬а /┬а┬а ­ЪЊ▒0911259661 

­Ъџ┤РђЇРЎѓ№ИЈ рІГрІўрІЎріЋ рІФрѕЅрЅарЅх рІхрѕерѕх ріЦріЊрѕўрїБрѕѕріЋРђ╝№ИЈ

­ЪЉЉ­ЪЉЉ рІЇрІх рІ░ріЋрЅаріЏрЅйріЋ рЅарѕхрѕФрЅйріЋ рѕІрІГ рѕђрѕ│рЅЦ ріЦріЊ ріарѕхрЅ░рІФрІерЅх ріФрѕѕрІјрЅх┬а рЅарІџрѕЁ рѕхрѕЇріГ рІ░рІЅрѕѕрІЅ рІФрѕ│рІЅрЅЂріЋрЇб 

0939091943

foodprocessor #forkids #kitchengadgets #mom #mombabycare #mombabyfeeding #рІерѕЇрїєрЅй #ethiopianmother #addisababa",images/meneshayeofficial_1031.jpg,-1001373889281,рїѕрѕІрїЇрѕї рІерѕЇрїєрЅй рѕЮрїЇрЅЦ рѕўрѕхрѕфрІФ рІерѕЇрїєрЅйріЋ рѕЇрЅЦ рІерѕџрІФрѕИріЋрЇЇрЇБ рІеріЦріЊрЅхріЋ рїірІю рІерѕџрЅєрїЦрЅЦ рІГрЅђрЅЁрѕІрѕЇрІГрЇѕрїФрѕЇрІФрѕЇрѕЏрѕЇрЇђрѕе-рЅЦріГрѕѕрЅхрЅарѕФрѕ▒ рІерѕџрЇђрІ│ ріерЇЇрЅ░ріЏ рїЅрѕЇрЅарЅх рѕхрѕІрѕѕрІЇ рЅарЇЇрїЦріљрЅх рѕЮрїЇрЅЦ рІФрІўрїІрїЃрѕЇ рІерѕФрѕ▒ рѕ░ріарЅх рѕўрЅєрїБрїарѕфрІФ рІФрѕѕрІЇ рІерЅ░рѕерїІрїѕрїа рІе ріаріЋрІх рІЊрѕўрЅх рІІрѕхрЅхріЊ ріЦріЋрѕ░рїБрѕѕріЋ 0989939393 / 0911259661 РђЇ рІГрІўрІЎріЋ рІФрѕЅрЅарЅх рІхрѕерѕх ріЦріЊрѕўрїБрѕѕріЋ рІЇрІх рІ░ріЋрЅаріЏрЅйріЋ рЅарѕхрѕФрЅйріЋ рѕІрІГ рѕђрѕ│рЅЦ ріЦріЊ ріарѕхрЅ░рІФрІерЅх ріФрѕѕрІјрЅх рЅарІџрѕЁ рѕхрѕЇріГ рІ░рІЅрѕѕрІЅ рІФрѕ│рІЅрЅЂріЋрЇб 0939091943 foodprocessor #forkids #kitchengadgets #mom #mombabycare #mombabyfeeding #рІерѕЇрїєрЅй #ethiopianmother #addisababa,"['рїѕрѕІрїЇрѕї', 'рІерѕЇрїєрЅй', 'рѕЮрїЇрЅЦ', 'рѕўрѕхрѕфрІФ', 'рІерѕЇрїєрЅйріЋ', 'рѕЇрЅЦ', 'рІерѕџрІФрѕИріЋрЇЇрЇБ', 'рІеріЦріЊрЅхріЋ', 'рїірІю', 'рІерѕџрЅєрїЦрЅЦ', 'рІГрЅђрЅЁрѕІрѕЇрІГрЇѕрїФрѕЇрІФрѕЇрѕЏрѕЇрЇђрѕе-рЅЦріГрѕѕрЅхрЅарѕФрѕ▒', 'рІерѕџрЇђрІ│', 'ріерЇЇрЅ░ріЏ', 'рїЅрѕЇрЅарЅх', 'рѕхрѕІрѕѕрІЇ', 'рЅарЇЇрїЦріљрЅх', 'рѕЮрїЇрЅЦ', 'рІФрІўрїІрїЃрѕЇ', 'рІерѕФрѕ▒', 'рѕ░ріарЅх', 'рѕўрЅєрїБрїарѕфрІФ', 'рІФрѕѕрІЇ', 'рІерЅ░рѕерїІрїѕрїа', 'рІе', 'ріаріЋрІх', 'рІЊрѕўрЅх', 'рІІрѕхрЅхріЊ', 'ріЦріЋрѕ░рїБрѕѕріЋ', '0989939393', '/', '0911259661', '\u200d', 'рІГрІўрІЎріЋ', 'рІФрѕЅрЅарЅх', 'рІхрѕерѕх', 'ріЦріЊрѕўрїБрѕѕріЋ', 'рІЇрІх', 'рІ░ріЋрЅаріЏрЅйріЋ', 'рЅарѕхрѕФрЅйріЋ', 'рѕІрІГ', 'рѕђрѕ│рЅЦ', 'ріЦріЊ', 'ріарѕхрЅ░рІФрІерЅх', 'ріФрѕѕрІјрЅх', 'рЅарІџрѕЁ', 'рѕхрѕЇріГ', 'рІ░рІЅрѕѕрІЅ', 'рІФрѕ│рІЅрЅЂріЋрЇб', '0939091943', 'foodprocessor', '#', 'forkids', '#', 'kitchengadgets', '#', 'mom', '#', 'mombabycare', '#', 'mombabyfeeding', '#', 'рІерѕЇрїєрЅй', '#', 'ethiopianmother', '#', 'addisababa']"
@meneshayeofficial,2025-06-17 09:03:01+00:00,"рѕўріљрѕ╗рІг рІхріГрІхріГ
­ЪЉЅрѕѕрѕЇрїєрІј ріарЇЇ рѕЏрѕхрЇѕрЅ╗ рІерѕџрѕєріЋ ріЦріЊ ріарѕЏрѕГріЏріЊ ріЦріЋрїЇрѕірІўріЏ рЅарЅђрѕІрѕЅ рѕЏріЋрЅарЅЦріЊ рѕўрЇЃрЇЇ рІерѕџрІФрѕхрЅйрѕЇ  

РўЉ№ИЈрЅБрѕѕрІхрѕЮрїй рІерѕЇрїєрЅй рѕўрѕўрѕфрІФ
РўЉ№ИЈрЅаріарѕЏрѕГріЏріЊ рЅаріЦріЋрїЇрѕірІЮріЏ 
РўЉ№ИЈ150 рѕўрѕЏрѕфрІФ ріФрѕГрІХрЅй рІФрѕЅрЅх

­ЪЉЅрѕѕрЅарѕѕрїа рѕўрѕерїЃ ріерЅ│рЅй рІФрѕѕрІЇріЋ рІхрѕЁрѕе рїѕрїй рІГрїФріЉ
https://meneshaye-official.com/meneshaye-lelije/dik-dik.html


­ЪЉЅрІГрІ░рІЇрѕЅ 0989939393 рІѕрІГрѕЮ 0930323334 рІФрѕЅрЅарЅх ріЦріЋрІ░рѕГрѕ│рѕѕріЋ

ріарІ│рІ▓рѕх рѕЮрѕГрЅХрЅйріЋ ріерЇѕрѕѕрїЅ рЅ┤рѕїрїЇрѕФрѕЮ рЅ╗ріЊрѕІрЅйріЋріЋ
рЅарѕўрЅђрѕІрЅђрѕЇ рЅцрЅ░рѕ░рЅЦ рІГрѕЂріЉ

https://t.me/meneshayeofficial

#kidslearning #educationforkids #parenting #parentingtipsstemtoys #LEGO #forkids #meneshaye #рѕўріљрѕ╗рІг",images/meneshayeofficial_1030.jpg,-1001373889281,рѕўріљрѕ╗рІг рІхріГрІхріГ рѕѕрѕЇрїєрІј ріарЇЇ рѕЏрѕхрЇѕрЅ╗ рІерѕџрѕєріЋ ріЦріЊ ріарѕЏрѕГріЏріЊ ріЦріЋрїЇрѕірІўріЏ рЅарЅђрѕІрѕЅ рѕЏріЋрЅарЅЦріЊ рѕўрЇЃрЇЇ рІерѕџрІФрѕхрЅйрѕЇ рЅБрѕѕрІхрѕЮрїй рІерѕЇрїєрЅй рѕўрѕўрѕфрІФ рЅаріарѕЏрѕГріЏріЊ рЅаріЦріЋрїЇрѕірІЮріЏ 150 рѕўрѕЏрѕфрІФ ріФрѕГрІХрЅй рІФрѕЅрЅх рѕѕрЅарѕѕрїа рѕўрѕерїЃ ріерЅ│рЅй рІФрѕѕрІЇріЋ рІхрѕЁрѕе рїѕрїй рІГрїФріЉ https://meneshaye-official.com/meneshaye-lelije/dik-dik.html рІГрІ░рІЇрѕЅ 0989939393 рІѕрІГрѕЮ 0930323334 рІФрѕЅрЅарЅх ріЦріЋрІ░рѕГрѕ│рѕѕріЋ ріарІ│рІ▓рѕх рѕЮрѕГрЅХрЅйріЋ ріерЇѕрѕѕрїЅ рЅ┤рѕїрїЇрѕФрѕЮ рЅ╗ріЊрѕІрЅйріЋріЋ рЅарѕўрЅђрѕІрЅђрѕЇ рЅцрЅ░рѕ░рЅЦ рІГрѕЂріЉ https://t.me/meneshayeofficial #kidslearning #educationforkids #parenting #parentingtipsstemtoys #lego #forkids #meneshaye #рѕўріљрѕ╗рІг,"['рѕўріљрѕ╗рІг', 'рІхріГрІхріГ', 'рѕѕрѕЇрїєрІј', 'ріарЇЇ', 'рѕЏрѕхрЇѕрЅ╗', 'рІерѕџрѕєріЋ', 'ріЦріЊ', 'ріарѕЏрѕГріЏріЊ', 'ріЦріЋрїЇрѕірІўріЏ', 'рЅарЅђрѕІрѕЅ', 'рѕЏріЋрЅарЅЦріЊ', 'рѕўрЇЃрЇЇ', 'рІерѕџрІФрѕхрЅйрѕЇ', 'рЅБрѕѕрІхрѕЮрїй', 'рІерѕЇрїєрЅй', 'рѕўрѕўрѕфрІФ', 'рЅаріарѕЏрѕГріЏріЊ', 'рЅаріЦріЋрїЇрѕірІЮріЏ', '150', 'рѕўрѕЏрѕфрІФ', 'ріФрѕГрІХрЅй', 'рІФрѕЅрЅх', 'рѕѕрЅарѕѕрїа', 'рѕўрѕерїЃ', 'ріерЅ│рЅй', 'рІФрѕѕрІЇріЋ', 'рІхрѕЁрѕе', 'рїѕрїй', 'рІГрїФріЉ', 'https', ':', '//meneshaye-official.com/meneshaye-lelije/dik-dik.html', 'рІГрІ░рІЇрѕЅ', '0989939393', 'рІѕрІГрѕЮ', '0930323334', 'рІФрѕЅрЅарЅх', 'ріЦріЋрІ░рѕГрѕ│рѕѕріЋ', 'ріарІ│рІ▓рѕх', 'рѕЮрѕГрЅХрЅйріЋ', 'ріерЇѕрѕѕрїЅ', 'рЅ┤рѕїрїЇрѕФрѕЮ', 'рЅ╗ріЊрѕІрЅйріЋріЋ', 'рЅарѕўрЅђрѕІрЅђрѕЇ', 'рЅцрЅ░рѕ░рЅЦ', 'рІГрѕЂріЉ', 'https', ':', '//t.me/meneshayeofficial', '#', 'kidslearning', '#', 'educationforkids', '#', 'parenting', '#', 'parentingtipsstemtoys', '#', 'lego', '#', 'forkids', '#', 'meneshaye', '#', 'рѕўріљрѕ╗рІг']"
@meneshayeofficial,2025-06-16 14:52:53+00:00,"рІѕрІх рІерїѕрѕІрїЇрѕї рІ░ріЋрЅаріърЅ╗рЅйріЋ  рѕѕрѕЇрїєрІј рІерѕџрѕ░рїЦ рѕЮрѕГрїЦ рѕхрїдрЅ│ ріерїѕрѕІрїЇрѕї ріЦрѕЁрЅх рЅЦрѕФріЋрІх рІерѕєріљрІЇ рѕўріљрѕ╗рІг ріерІџрѕЁ рЅарЅ│рЅй рЅБрѕхрЅђрѕўрїЦріЋрѕЇрІј рѕЏрѕхрЇѕріЋрїарѕфрІФ рЅ░рїарЅЁрѕўрІЇ рІерѕўріљрѕ╗рІгріЋ рІхрѕе рїѕрЇЁ рЅарѕўрїјрЅЦріўрЅх рѕѕрѕЇрїЁрІј рІерѕџрѕєріЉ рѕхрїдрЅ│ рЅхрѕЮрѕЁрѕГрЅ│рІі рѕўрїФрІјрЅ╗рІјрЅйріЋ рЅарЅђрѕІрѕЅ рѕўрѕЮрѕерїЦ ріЦріЋрІ░рѕџрЅйрѕЅ рѕхріЋрїѕрѕЇрЇЁ рЅарЅ│рѕІрЅЁ рІ░рѕхрЅ│ ріљрІЇрЇб
рІхрѕерїѕрЇЃрЅйріЋріЋ рІГрїјрЅЦріЎ рЇц рІерІѕрІ░рІ▒рЅхріЋ рІГрѕЮрѕерїА рЇц рІерѕўрѕерїАрЅхріЋ рІГрѕИрѕЮрЅ▒!!

РўЉ№ИЈhttps://meneshaye-official.com/meneshaye-lelije/

https://meneshaye-official.com/

Рўј№ИЈрІГрІ░рІЇрѕЅ 0989939393 рІѕрІГрѕЮ 0930323334 рІФрѕЅрЅарЅх ріЦріЋрІ░рѕГрѕ│рѕѕріЋ


#cocomelon #baby #рІерібрЅхрІ«рїхрІФрѕЇрїєрЅй #kidseducation #giftforkids #ethiopianparents #meneshaye #Ethiopia",images/meneshayeofficial_1029.jpg,-1001373889281,рІѕрІх рІерїѕрѕІрїЇрѕї рІ░ріЋрЅаріърЅ╗рЅйріЋ рѕѕрѕЇрїєрІј рІерѕџрѕ░рїЦ рѕЮрѕГрїЦ рѕхрїдрЅ│ ріерїѕрѕІрїЇрѕї ріЦрѕЁрЅх рЅЦрѕФріЋрІх рІерѕєріљрІЇ рѕўріљрѕ╗рІг ріерІџрѕЁ рЅарЅ│рЅй рЅБрѕхрЅђрѕўрїЦріЋрѕЇрІј рѕЏрѕхрЇѕріЋрїарѕфрІФ рЅ░рїарЅЁрѕўрІЇ рІерѕўріљрѕ╗рІгріЋ рІхрѕе рїѕрЇЁ рЅарѕўрїјрЅЦріўрЅх рѕѕрѕЇрїЁрІј рІерѕџрѕєріЉ рѕхрїдрЅ│ рЅхрѕЮрѕЁрѕГрЅ│рІі рѕўрїФрІјрЅ╗рІјрЅйріЋ рЅарЅђрѕІрѕЅ рѕўрѕЮрѕерїЦ ріЦріЋрІ░рѕџрЅйрѕЅ рѕхріЋрїѕрѕЇрЇЁ рЅарЅ│рѕІрЅЁ рІ░рѕхрЅ│ ріљрІЇрЇб рІхрѕерїѕрЇЃрЅйріЋріЋ рІГрїјрЅЦріЎ рЇц рІерІѕрІ░рІ▒рЅхріЋ рІГрѕЮрѕерїА рЇц рІерѕўрѕерїАрЅхріЋ рІГрѕИрѕЮрЅ▒!! https://meneshaye-official.com/meneshaye-lelije/ https://meneshaye-official.com/ рІГрІ░рІЇрѕЅ 0989939393 рІѕрІГрѕЮ 0930323334 рІФрѕЅрЅарЅх ріЦріЋрІ░рѕГрѕ│рѕѕріЋ #cocomelon #baby #рІерібрЅхрІ«рїхрІФрѕЇрїєрЅй #kidseducation #giftforkids #ethiopianparents #meneshaye #ethiopia,"['рІѕрІх', 'рІерїѕрѕІрїЇрѕї', 'рІ░ріЋрЅаріърЅ╗рЅйріЋ', 'рѕѕрѕЇрїєрІј', 'рІерѕџрѕ░рїЦ', 'рѕЮрѕГрїЦ', 'рѕхрїдрЅ│', 'ріерїѕрѕІрїЇрѕї', 'ріЦрѕЁрЅх', 'рЅЦрѕФріЋрІх', 'рІерѕєріљрІЇ', 'рѕўріљрѕ╗рІг', 'ріерІџрѕЁ', 'рЅарЅ│рЅй', 'рЅБрѕхрЅђрѕўрїЦріЋрѕЇрІј', 'рѕЏрѕхрЇѕріЋрїарѕфрІФ', 'рЅ░рїарЅЁрѕўрІЇ', 'рІерѕўріљрѕ╗рІгріЋ', 'рІхрѕе', 'рїѕрЇЁ', 'рЅарѕўрїјрЅЦріўрЅх', 'рѕѕрѕЇрїЁрІј', 'рІерѕџрѕєріЉ', 'рѕхрїдрЅ│', 'рЅхрѕЮрѕЁрѕГрЅ│рІі', 'рѕўрїФрІјрЅ╗рІјрЅйріЋ', 'рЅарЅђрѕІрѕЅ', 'рѕўрѕЮрѕерїЦ', 'ріЦріЋрІ░рѕџрЅйрѕЅ', 'рѕхріЋрїѕрѕЇрЇЁ', 'рЅарЅ│рѕІрЅЁ', 'рІ░рѕхрЅ│', 'ріљрІЇрЇб', 'рІхрѕерїѕрЇЃрЅйріЋріЋ', 'рІГрїјрЅЦріЎ', 'рЇц', 'рІерІѕрІ░рІ▒рЅхріЋ', 'рІГрѕЮрѕерїА', 'рЇц', 'рІерѕўрѕерїАрЅхріЋ', 'рІГрѕИрѕЮрЅ▒', '!', '!', 'https', ':', '//meneshaye-official.com/meneshaye-lelije/', 'https', ':', '//meneshaye-official.com/', 'рІГрІ░рІЇрѕЅ', '0989939393', 'рІѕрІГрѕЮ', '0930323334', 'рІФрѕЅрЅарЅх', 'ріЦріЋрІ░рѕГрѕ│рѕѕріЋ', '#', 'cocomelon', '#', 'baby', '#', 'рІерібрЅхрІ«рїхрІФрѕЇрїєрЅй', '#', 'kidseducation', '#', 'giftforkids', '#', 'ethiopianparents', '#', 'meneshaye', '#', 'ethiopia']"
@Fashiontera,2025-06-14 13:32:36+00:00,"сђ░№ИЈсђ░№ИЈсђ░№ИЈсђ░№ИЈсђ░№ИЈсђ░№ИЈсђ░№ИЈ
Made in Vietnam 
­ЪћИ­ЪћИ­ЪћИ­ЪћИ­ЪћИ­ЪћИ
Size    41,42
Price   3400
(Free Delivery)
Inbox @Hiwe5266
рѕхрѕЇріГ +251945355266

    ­ЪћХ рЇІрѕйріЋ рЅ░рѕФ /Fashion Tera ­ЪћХ
          сђ░№ИЈсђ░№ИЈсђ░№ИЈсђ░№ИЈсђ░№ИЈсђ░№ИЈсђ░№ИЈсђ░№ИЈ
ріарІхрѕФрѕ╗: ріарІ▓рѕх ріарЅарЅБ ,рїдрѕГ рѕђрІГрѕјрЅй рІхрѕфрѕЮ рЅ│рІѕрѕГ 2рЅ░ріЏ рЇјрЅЁ
сђ░№ИЈсђ░№ИЈсђ░№ИЈсђ░№ИЈсђ░№ИЈ",images/Fashiontera_4151.jpg,-1001175527648,"made in vietnam size 41,42 price 3400 (free delivery) inbox @hiwe5266 рѕхрѕЇріГ +251945355266 рЇІрѕйріЋ рЅ░рѕФ /fashion tera ріарІхрѕФрѕ╗: ріарІ▓рѕх ріарЅарЅБ ,рїдрѕГ рѕђрІГрѕјрЅй рІхрѕфрѕЮ рЅ│рІѕрѕГ 2рЅ░ріЏ рЇјрЅЁ","['made', 'in', 'vietnam', 'size', '41,42', 'price', '3400', '(', 'free', 'delivery', ')', 'inbox', '@', 'hiwe5266', 'рѕхрѕЇріГ', '+251945355266', 'рЇІрѕйріЋ', 'рЅ░рѕФ', '/fashion', 'tera', 'ріарІхрѕФрѕ╗', ':', 'ріарІ▓рѕх', 'ріарЅарЅБ', ',', 'рїдрѕГ', 'рѕђрІГрѕјрЅй', 'рІхрѕфрѕЮ', 'рЅ│рІѕрѕГ', '2рЅ░ріЏ', 'рЇјрЅЁ']"
@Fashiontera,2025-06-13 19:55:32+00:00,"сђ░№ИЈсђ░№ИЈсђ░№ИЈсђ░№ИЈсђ░№ИЈсђ░№ИЈсђ░№ИЈ
Airforce 
Made in Vietnam 
­ЪћИ­ЪћИ­ЪћИ­ЪћИ­ЪћИ­ЪћИ
Size    40,41,42,43,44
Price   4500
(Free Delivery)
Inbox @Hiwe5266
рѕхрѕЇріГ +251945355266

    ­ЪћХ рЇІрѕйріЋ рЅ░рѕФ /Fashion Tera ­ЪћХ
          сђ░№ИЈсђ░№ИЈсђ░№ИЈсђ░№ИЈсђ░№ИЈсђ░№ИЈсђ░№ИЈсђ░№ИЈ
ріарІхрѕФрѕ╗: ріарІ▓рѕх ріарЅарЅБ ,рїдрѕГ рѕђрІГрѕјрЅй рІхрѕфрѕЮ рЅ│рІѕрѕГ 2рЅ░ріЏ рЇјрЅЁ
сђ░№ИЈсђ░№ИЈсђ░№ИЈсђ░№ИЈсђ░№ИЈ",images/Fashiontera_4149.jpg,-1001175527648,"airforce made in vietnam size 40,41,42,43,44 price 4500 (free delivery) inbox @hiwe5266 рѕхрѕЇріГ +251945355266 рЇІрѕйріЋ рЅ░рѕФ /fashion tera ріарІхрѕФрѕ╗: ріарІ▓рѕх ріарЅарЅБ ,рїдрѕГ рѕђрІГрѕјрЅй рІхрѕфрѕЮ рЅ│рІѕрѕГ 2рЅ░ріЏ рЇјрЅЁ","['airforce', 'made', 'in', 'vietnam', 'size', '40,41,42,43,44', 'price', '4500', '(', 'free', 'delivery', ')', 'inbox', '@', 'hiwe5266', 'рѕхрѕЇріГ', '+251945355266', 'рЇІрѕйріЋ', 'рЅ░рѕФ', '/fashion', 'tera', 'ріарІхрѕФрѕ╗', ':', 'ріарІ▓рѕх', 'ріарЅарЅБ', ',', 'рїдрѕГ', 'рѕђрІГрѕјрЅй', 'рІхрѕфрѕЮ', 'рЅ│рІѕрѕГ', '2рЅ░ріЏ', 'рЇјрЅЁ']"
@Fashiontera,2025-06-11 20:11:16+00:00,"сђ░№ИЈсђ░№ИЈсђ░№ИЈсђ░№ИЈсђ░№ИЈсђ░№ИЈсђ░№ИЈ
Under Armur
Made in Vietnam 
­ЪћИ­ЪћИ­ЪћИ­ЪћИ­ЪћИ­ЪћИ
Size    41,42
Price   3500
(Free Delivery)
Inbox @Hiwe5266
рѕхрѕЇріГ +251945355266

    ­ЪћХ рЇІрѕйріЋ рЅ░рѕФ /Fashion Tera ­ЪћХ
          сђ░№ИЈсђ░№ИЈсђ░№ИЈсђ░№ИЈсђ░№ИЈсђ░№ИЈсђ░№ИЈсђ░№ИЈ
ріарІхрѕФрѕ╗: ріарІ▓рѕх ріарЅарЅБ ,рїдрѕГ рѕђрІГрѕјрЅй рІхрѕфрѕЮ рЅ│рІѕрѕГ 2рЅ░ріЏ рЇјрЅЁ

сђ░№ИЈсђ░№ИЈсђ░№ИЈсђ░№ИЈсђ░№ИЈ",images/Fashiontera_4148.jpg,-1001175527648,"under armur made in vietnam size 41,42 price 3500 (free delivery) inbox @hiwe5266 рѕхрѕЇріГ +251945355266 рЇІрѕйріЋ рЅ░рѕФ /fashion tera ріарІхрѕФрѕ╗: ріарІ▓рѕх ріарЅарЅБ ,рїдрѕГ рѕђрІГрѕјрЅй рІхрѕфрѕЮ рЅ│рІѕрѕГ 2рЅ░ріЏ рЇјрЅЁ","['under', 'armur', 'made', 'in', 'vietnam', 'size', '41,42', 'price', '3500', '(', 'free', 'delivery', ')', 'inbox', '@', 'hiwe5266', 'рѕхрѕЇріГ', '+251945355266', 'рЇІрѕйріЋ', 'рЅ░рѕФ', '/fashion', 'tera', 'ріарІхрѕФрѕ╗', ':', 'ріарІ▓рѕх', 'ріарЅарЅБ', ',', 'рїдрѕГ', 'рѕђрІГрѕјрЅй', 'рІхрѕфрѕЮ', 'рЅ│рІѕрѕГ', '2рЅ░ріЏ', 'рЇјрЅЁ']"
@Fashiontera,2025-06-04 19:18:01+00:00,"сђ░№ИЈсђ░№ИЈсђ░№ИЈсђ░№ИЈсђ░№ИЈсђ░№ИЈсђ░№ИЈ
NB
Made in Vietnam 
­ЪћИ­ЪћИ­ЪћИ­ЪћИ­ЪћИ­ЪћИ
Size    42,43
Price   2900
(Free Delivery)
Inbox @Hiwe5266
рѕхрѕЇріГ +251945355266

    ­ЪћХ рЇІрѕйріЋ рЅ░рѕФ /Fashion Tera ­ЪћХ
          сђ░№ИЈсђ░№ИЈсђ░№ИЈсђ░№ИЈсђ░№ИЈсђ░№ИЈсђ░№ИЈсђ░№ИЈ
ріарІхрѕФрѕ╗: ріарІ▓рѕх ріарЅарЅБ ,рїдрѕГ рѕђрІГрѕјрЅй рІхрѕфрѕЮ рЅ│рІѕрѕГ 2рЅ░ріЏ рЇјрЅЁ
сђ░№ИЈсђ░№ИЈсђ░№ИЈсђ░№ИЈсђ░№ИЈ",images/Fashiontera_4146.jpg,-1001175527648,"nb made in vietnam size 42,43 price 2900 (free delivery) inbox @hiwe5266 рѕхрѕЇріГ +251945355266 рЇІрѕйріЋ рЅ░рѕФ /fashion tera ріарІхрѕФрѕ╗: ріарІ▓рѕх ріарЅарЅБ ,рїдрѕГ рѕђрІГрѕјрЅй рІхрѕфрѕЮ рЅ│рІѕрѕГ 2рЅ░ріЏ рЇјрЅЁ","['nb', 'made', 'in', 'vietnam', 'size', '42,43', 'price', '2900', '(', 'free', 'delivery', ')', 'inbox', '@', 'hiwe5266', 'рѕхрѕЇріГ', '+251945355266', 'рЇІрѕйріЋ', 'рЅ░рѕФ', '/fashion', 'tera', 'ріарІхрѕФрѕ╗', ':', 'ріарІ▓рѕх', 'ріарЅарЅБ', ',', 'рїдрѕГ', 'рѕђрІГрѕјрЅй', 'рІхрѕфрѕЮ', 'рЅ│рІѕрѕГ', '2рЅ░ріЏ', 'рЇјрЅЁ']"
@Fashiontera,2025-06-03 19:34:21+00:00,"сђ░№ИЈсђ░№ИЈсђ░№ИЈсђ░№ИЈсђ░№ИЈсђ░№ИЈсђ░№ИЈ
High Quality shoes 
­ЪћИ­ЪћИ­ЪћИ­ЪћИ­ЪћИ­ЪћИ
Size     # 44
Price   3500
(Free Delivery)
Inbox @Hiwe5266
рѕхрѕЇріГ +251945355266

    ­ЪћХ рЇІрѕйріЋ рЅ░рѕФ /Fashion Tera ­ЪћХ
          сђ░№ИЈсђ░№ИЈсђ░№ИЈсђ░№ИЈсђ░№ИЈсђ░№ИЈсђ░№ИЈсђ░№ИЈ
ріарІхрѕФрѕ╗: ріарІ▓рѕх ріарЅарЅБ ,рїдрѕГ рѕђрІГрѕјрЅй рІхрѕфрѕЮ рЅ│рІѕрѕГ 2рЅ░ріЏ рЇјрЅЁ

сђ░№ИЈсђ░№ИЈсђ░№ИЈсђ░№ИЈсђ░№ИЈ",images/Fashiontera_4144.jpg,-1001175527648,"high quality shoes size # 44 price 3500 (free delivery) inbox @hiwe5266 рѕхрѕЇріГ +251945355266 рЇІрѕйріЋ рЅ░рѕФ /fashion tera ріарІхрѕФрѕ╗: ріарІ▓рѕх ріарЅарЅБ ,рїдрѕГ рѕђрІГрѕјрЅй рІхрѕфрѕЮ рЅ│рІѕрѕГ 2рЅ░ріЏ рЇјрЅЁ","['high', 'quality', 'shoes', 'size', '#', '44', 'price', '3500', '(', 'free', 'delivery', ')', 'inbox', '@', 'hiwe5266', 'рѕхрѕЇріГ', '+251945355266', 'рЇІрѕйріЋ', 'рЅ░рѕФ', '/fashion', 'tera', 'ріарІхрѕФрѕ╗', ':', 'ріарІ▓рѕх', 'ріарЅарЅБ', ',', 'рїдрѕГ', 'рѕђрІГрѕјрЅй', 'рІхрѕфрѕЮ', 'рЅ│рІѕрѕГ', '2рЅ░ріЏ', 'рЇјрЅЁ']"
@Fashiontera,2025-06-03 19:32:48+00:00,"сђ░№ИЈсђ░№ИЈсђ░№ИЈсђ░№ИЈсђ░№ИЈсђ░№ИЈсђ░№ИЈ

­ЪћЦConvers Boots ­ЪћЦ
Made in Vietnam 
­ЪћИ­ЪћИ­ЪћИ­ЪћИ­ЪћИ­ЪћИ
Size    41,42,43
Price   4200
(Free Delivery)
Inbox @Hiwe5266
рѕхрѕЇріГ +251945355266

    ­ЪћХ рЇІрѕйріЋ рЅ░рѕФ /Fashion Tera ­ЪћХ
          сђ░№ИЈсђ░№ИЈсђ░№ИЈсђ░№ИЈсђ░№ИЈсђ░№ИЈсђ░№ИЈсђ░№ИЈ
ріарІхрѕФрѕ╗: ріарІ▓рѕх ріарЅарЅБ ,рїдрѕГ рѕђрІГрѕјрЅй рІхрѕфрѕЮ рЅ│рІѕрѕГ 2рЅ░ріЏ рЇјрЅЁ
сђ░№ИЈсђ░№ИЈсђ░№ИЈсђ░№ИЈсђ░№ИЈ",images/Fashiontera_4143.jpg,-1001175527648,"convers boots made in vietnam size 41,42,43 price 4200 (free delivery) inbox @hiwe5266 рѕхрѕЇріГ +251945355266 рЇІрѕйріЋ рЅ░рѕФ /fashion tera ріарІхрѕФрѕ╗: ріарІ▓рѕх ріарЅарЅБ ,рїдрѕГ рѕђрІГрѕјрЅй рІхрѕфрѕЮ рЅ│рІѕрѕГ 2рЅ░ріЏ рЇјрЅЁ","['convers', 'boots', 'made', 'in', 'vietnam', 'size', '41,42,43', 'price', '4200', '(', 'free', 'delivery', ')', 'inbox', '@', 'hiwe5266', 'рѕхрѕЇріГ', '+251945355266', 'рЇІрѕйріЋ', 'рЅ░рѕФ', '/fashion', 'tera', 'ріарІхрѕФрѕ╗', ':', 'ріарІ▓рѕх', 'ріарЅарЅБ', ',', 'рїдрѕГ', 'рѕђрІГрѕјрЅй', 'рІхрѕфрѕЮ', 'рЅ│рІѕрѕГ', '2рЅ░ріЏ', 'рЇјрЅЁ']"
@Fashiontera,2025-05-31 14:20:01+00:00,"сђ░№ИЈсђ░№ИЈсђ░№ИЈсђ░№ИЈсђ░№ИЈсђ░№ИЈсђ░№ИЈ
              VENICE
­ЪћЦHigh Quality Shose ­ЪћЦ
­ЪћИ­ЪћИ­ЪћИ­ЪћИ­ЪћИ­ЪћИ
Size     #40
Price   3900
(Free Delivery)
Inbox @Hiwe5266
рѕхрѕЇріГ +251945355266

    ­ЪћХ рЇІрѕйріЋ рЅ░рѕФ /Fashion Tera ­ЪћХ
          сђ░№ИЈсђ░№ИЈсђ░№ИЈсђ░№ИЈсђ░№ИЈсђ░№ИЈсђ░№ИЈсђ░№ИЈ
ріарІхрѕФрѕ╗: ріарІ▓рѕх ріарЅарЅБ ,рїдрѕГ рѕђрІГрѕјрЅй рІхрѕфрѕЮ рЅ│рІѕрѕГ 2рЅ░ріЏ рЇјрЅЁ

сђ░№ИЈсђ░№ИЈсђ░№ИЈсђ░№ИЈсђ░№ИЈ",images/Fashiontera_4142.jpg,-1001175527648,"venice high quality shose size #40 price 3900 (free delivery) inbox @hiwe5266 рѕхрѕЇріГ +251945355266 рЇІрѕйріЋ рЅ░рѕФ /fashion tera ріарІхрѕФрѕ╗: ріарІ▓рѕх ріарЅарЅБ ,рїдрѕГ рѕђрІГрѕјрЅй рІхрѕфрѕЮ рЅ│рІѕрѕГ 2рЅ░ріЏ рЇјрЅЁ","['venice', 'high', 'quality', 'shose', 'size', '#', '40', 'price', '3900', '(', 'free', 'delivery', ')', 'inbox', '@', 'hiwe5266', 'рѕхрѕЇріГ', '+251945355266', 'рЇІрѕйріЋ', 'рЅ░рѕФ', '/fashion', 'tera', 'ріарІхрѕФрѕ╗', ':', 'ріарІ▓рѕх', 'ріарЅарЅБ', ',', 'рїдрѕГ', 'рѕђрІГрѕјрЅй', 'рІхрѕфрѕЮ', 'рЅ│рІѕрѕГ', '2рЅ░ріЏ', 'рЇјрЅЁ']"
@aradabrand2,2025-05-29 05:30:50+00:00,"РюЁHigh Standard Clothing 
Made in Turkey 
Master Quality Only in our Shop 
Price 2,500birr┬а ­ЪўЇ­ЪћЦ­ЪћЦ
Size# 31,32,32,34,35,36
­Ъћ┤FREE DELIVERY(рІФрѕЅрЅарЅх рЅдрЅ│ рІФрѕѕрЅ░рїерѕЏрѕф ріГрЇЇрІФ ріЦріЊрІ░рѕГрѕ│рѕѕріЋ­ЪЈЇ)
­Ъћ┤рѕѕрѕ▒рЅЁріЊ рЅЦрІЏрЅх рЅ░рѕеріФрЅбрІјрЅй рЅБрѕхрЅ░рІФрІерЅх
­ЪЊХ0977808897
­Ъћ╗­Ъћ╗­Ъћ╗ @Naty_boy 
ріарІхрѕФрѕ╗рЅйріЋ- рЅёрѕФ рѕХрЇірІФ рѕърѕЇ рѕЂрѕѕрЅ░ріЏ рЇјрЅЁ рѕ▒.рЅЂ 216",images/aradabrand2_12657.jpg,-1001397661846,"high standard clothing made in turkey master quality only in our shop price 2,500birr size# 31,32,32,34,35,36 free delivery(рІФрѕЅрЅарЅх рЅдрЅ│ рІФрѕѕрЅ░рїерѕЏрѕф ріГрЇЇрІФ ріЦріЊрІ░рѕГрѕ│рѕѕріЋ) рѕѕрѕ▒рЅЁріЊ рЅЦрІЏрЅх рЅ░рѕеріФрЅбрІјрЅй рЅБрѕхрЅ░рІФрІерЅх 0977808897 @naty_boy ріарІхрѕФрѕ╗рЅйріЋ- рЅёрѕФ рѕХрЇірІФ рѕърѕЇ рѕЂрѕѕрЅ░ріЏ рЇјрЅЁ рѕ▒.рЅЂ 216","['high', 'standard', 'clothing', 'made', 'in', 'turkey', 'master', 'quality', 'only', 'in', 'our', 'shop', 'price', '2,500birr', 'size', '#', '31,32,32,34,35,36', 'free', 'delivery', '(', 'рІФрѕЅрЅарЅх', 'рЅдрЅ│', 'рІФрѕѕрЅ░рїерѕЏрѕф', 'ріГрЇЇрІФ', 'ріЦріЊрІ░рѕГрѕ│рѕѕріЋ', ')', 'рѕѕрѕ▒рЅЁріЊ', 'рЅЦрІЏрЅх', 'рЅ░рѕеріФрЅбрІјрЅй', 'рЅБрѕхрЅ░рІФрІерЅх', '0977808897', '@', 'naty_boy', 'ріарІхрѕФрѕ╗рЅйріЋ-', 'рЅёрѕФ', 'рѕХрЇірІФ', 'рѕърѕЇ', 'рѕЂрѕѕрЅ░ріЏ', 'рЇјрЅЁ', 'рѕ▒.рЅЂ', '216']"
